tested_ids,most_possible_intention,most_possible_intention_cf,second_possible_intention,second_possible_intention_cf,third_possible_intention,third_possible_intention_cf,ground_truth_intention
0,na,0.95,observe,0.25,wait,0.15,agent_2-na
1,agent_2-greet-agent_1,0.9,agent_2-respondto-agent_1,0.7,agent_2-na,0.3,agent_2-greet-me
2,agent_2-greet-agent_1,0.85,agent_2-observe-cup_4,0.65,agent_2-get-cup_4,0.5,agent_2-respondto-me
3,agent_2-get-cup_4-table_3,0.7,agent_2-harm-cup_4-agent_1,0.5,agent_2-observe-cup_4,0.4,agent_2-observe-me
4,agent_2-harm-agent_1,0.75,agent_2-playwith-cup_4-agent_1,0.6,agent_2-inform-agent_1-cup_4,0.55,agent_2-na
5,agent_2-na,0.9,agent_2-observe-chess_7,0.6,agent_2-playwith-chess_7-agent_1,0.5,agent_2-observe-me
6,agent_2-playwith-chess_7-agent_1,0.85,agent_2-get-key_3-box_5,0.65,agent_2-na,0.55,agent_2-na
7,Agent_2-Na,0.9,Agent_2-Observe,0.5,Agent_2-Wait,0.1,agent_2-na
8,agent_1-inform-agent_2-key_3,0.85,agent_1-greet-agent_2,0.65,agent_1-give-key_3-agent_2,0.55,agent_1-open-box_5
9,agent_1-requesthelp-agent_2-open-shelf_4,0.85,agent_1-inform-agent_2-cup_6,0.65,agent_1-greet-agent_2,0.55,agent_1-help-me-open-shelf_4
10,agent_1-open-shelf_4,0.9,agent_1-get-cup_6,0.6,agent_1-greet-agent_2,0.5,agent_1-help-me-open-shelf_4
11,agent_1-get-cup_6-shelf_4,0.85,agent_1-open-shelf_4,0.75,agent_1-greet-agent_2,0.6,agent_1-help-me-open-shelf_4
12,agent_1-get-cup_6-shelf_4,0.9,agent_1-open-shelf_4,0.6,agent_1-grab-cup_6,0.5,agent_1-na
13,agent_1-get-key_3-box_5,0.95,agent_1-observe-key_3,0.65,agent_1-inform-agent_2-key_3,0.45,agent_1-requesthelp-me-open-box_5
14,agent_2-open-box_5-key_6,0.9,agent_2-open-box_8-key_6,0.6,agent_2-help-agent_1-open-box_5,0.5,agent_2-get-na
15,agent_2-open-box_5,0.8,agent_2-get-box_5,0.6,agent_2-moveto-box_5,0.5,agent_2-get-na
16,agent_2-get-dumbbell_3-box_5,0.95,agent_2-open-box_5,0.75,agent_2-putonto-dumbbell_3-table_4,0.6,agent_2-get-na
17,agent_2-putonto-dumbbell_3-table_4,0.85,agent_2-get-dumbbell_3-box_5,0.65,agent_2-open-box_5,0.55,agent_2-na
18,agent_2-greet-agent_1,0.85,agent_2-respondto-agent_1,0.65,agent_2-get-key_3-from-box_5,0.35,agent_2-get-books_7-na
19,agent_2-playwith-chess_6-agent_1,0.95,agent_2-inform-agent_1-chess_6,0.75,agent_2-give-chess_6-agent_1,0.6,agent_2-give-chess_6-me
20,playwith,0.85,greet,0.75,help,0.6,agent_2-na
21,agent_2-playwith-chess_6-agent_1,0.85,agent_2-greet,0.75,agent_2-requesthelp-agent_1-open-box_5,0.6,agent_2-na
22,agent_1-open-box_3,0.85,agent_1-get-key_4,0.65,agent_1-help-agent_2-open-box_3,0.55,agent_1-find-na
23,agent_1-get-key_4,0.85,agent_1-open-box_3,0.7,agent_1-help-agent_2-unlock-box_3,0.45,agent_1-find-na
24,na,0.9,get-dumbbell_3-table_5,0.6,actionwait,0.5,agent_2-greet-me
25,get-dumbbell_3-<somewhere>,0.85,putonto-dumbbell_3-table_5,0.75,observe-dumbbell_3,0.65,agent_2-get-dumbbell_3-table_5
26,agent_2-get-dumbbell_3-table_5,0.85,agent_2-putonto-dumbbell_3-table_5,0.65,agent_2-get-dumbbell_3-floor,0.55,agent_2-get-books_4-na
27,agent_2-give-books_4-agent_1,0.95,agent_2-get-books_4-books_4,0.75,agent_2-observe-books_4,0.6,agent_2-give-books_4-me
28,agent_2-give-books_4-agent_1,0.9,agent_2-get-books_4-table_5,0.6,agent_2-na,0.3,agent_2-na
29,agent_2-give-books_4-agent_1,0.95,agent_2-help-agent_1-get-books_4,0.75,agent_2-na,0.5,agent_2-na
30,give-books_4-agent_1,0.85,putonto-books_4-table_5,0.65,help-agent_1-get-dumbbell_3,0.55,agent_2-na
31,agent_2-give-books_4-agent_1,0.95,agent_2-help-agent_1-get-dumbbell_3,0.75,agent_2-observe-dumbbell_3,0.65,agent_2-na
32,give,0.95,get,0.75,respondto,0.6,agent_2-inform-me-dumbbell_3
33,agent_1-playwith-chess_3-agent_2,0.95,agent_1-inform-agent_2-chess_3,0.75,agent_1-requesthelp-agent_2-playwith-chess_3,0.65,agent_1-playwith-chess_3-me
34,agent_1-playwith-chess_3-agent_2,0.8,agent_1-help-agent_2-playwith-chess_3,0.6,agent_1-inform-agent_2-playwith-chess_3,0.5,agent_1-get-chess_3-na
35,agent_1-playwith-chess_3-agent_2,0.95,agent_1-inform-agent_2-chess_3,0.75,agent_1-help-agent_2-playwith-chess_3,0.65,agent_1-na
36,agent_1-playwith-chess_3-agent_2,0.85,agent_1-give-chess_3-agent_2,0.75,agent_1-inform-agent_2-chess_3,0.65,agent_1-playwith-chess_3-me
37,agent_1-playwith-chess_3-agent_2,0.95,agent_1-inform-agent_2-chess_3,0.75,agent_1-greet-agent_2,0.65,agent_1-na
38,agent_1-playwith-agent_2,0.95,agent_1-help-agent_2-playwith,0.75,agent_1-inform-agent_2-chess_3,0.65,agent_1-na
39,agent_2-requesthelp-agent_1-open-box_4,0.8,agent_2-inform-agent_1-box_4-is-locked,0.6,agent_2-greet-agent_1,0.4,agent_2-na
40,agent_2-requesthelp-agent_1-get-key_5,0.85,agent_2-inform-agent_1-key_5,0.65,agent_2-requesthelp-agent_1-open-box_4,0.55,agent_2-observe-me
41,requesthelp-agent_1-get-key_5,0.85,help-agent_1-get-key_5,0.65,inform-agent_1-key_5,0.55,agent_2-observe-me
42,agent_2-get-key_5,0.85,agent_2-help-agent_1-open-box_4,0.7,agent_2-observe-key_5,0.55,agent_2-observe-me
43,Agent_2-Get-Key_5-Location,0.9,Agent_2-Open-Box_4,0.6,Agent_2-Inform-Agent_1-Box_4,0.5,agent_2-observe-world
44,agent_2-playwith-chess_3-agent_1,0.85,agent_2-get-chess_3-box_4,0.65,agent_2-help-agent_1-open-box_4,0.55,agent_2-na
45,agent_2-get-key_3-box_5,0.85,agent_2-open-box_5,0.65,agent_2-help-agent_1-get-key_3,0.55,agent_2-open-box_4
46,get-key_3-box_5,0.95,observe-key_3,0.65,help-agent_1-get-key_3,0.45,agent_2-open-box_4
47,agent_2-give-key_3-agent_1,0.95,agent_2-help-agent_1-unlock-box_4,0.85,agent_2-observe-key_3,0.65,agent_2-na
48,Agent_2-Give-Key_3-Agent_1,0.9,Agent_2-Help-Agent_1-Open-Box_4,0.5,Agent_2-Open-Box_4,0.3,agent_2-na
49,agent_1-get-chess_6-box_7,0.6,agent_1-open-box_7,0.5,agent_1-observe-chess_6,0.4,agent_1-requesthelp-me-open-box_7
50,agent_1-get-chess_6-box_7,0.5,agent_1-observe-box_7,0.4,agent_1-na,0.3,agent_1-requesthelp-me-na
51,give-key_5-agent_2,0.85,inform-agent_2-key_5,0.65,help-agent_2-open-box_4,0.55,agent_1-requesthelp-me-na
52,agent_1-requesthelp-agent_2-get-key_5,0.85,agent_1-get-key_5,0.75,agent_1-help-agent_2-open-box_4,0.65,agent_1-get-na
53,agent_1-get-key_5-from-somewhere,0.85,agent_1-unlock-box_4,0.75,agent_1-playwith-chess_6-agent_2,0.65,agent_1-na
54,agent_1-get-key_5,0.8,agent_1-help-agent_2-open-box_4,0.6,agent_1-give-key_5-agent_2,0.5,agent_1-na
55,na,1.0,na,1.0,inform,0.0,agent_2-na
56,Agent_2-Na,0.9,Agent_2-Wait,0.5,Agent_2-Observe,0.1,agent_2-na
57,greet,0.85,give,0.6,observe,0.4,agent_2-na
58,agent_2-greet-agent_1,0.8,agent_2-observe-key_3,0.6,agent_2-putinto-key_3-box_4,0.5,agent_2-na
59,agent_2-give-key_3-agent_1,0.75,agent_2-putinto-key_3-box_4,0.6,agent_2-greet,0.55,agent_2-na
60,agent_2-putinto-key_3-box_4,0.85,agent_2-observe-box_4,0.6,agent_2-actionwait,0.4,agent_2-na
61,agent_2-give-key_3-agent_1,0.8,agent_2-greet,0.6,agent_2-putinto-key_3-box_4,0.5,agent_2-na
62,na,0.8,inform,0.6,respondto,0.5,agent_1-na
63,agent_1-get-cup_4-table_3,0.8,agent_1-observe-table_3,0.6,agent_1-get-banana_6-table_3,0.5,agent_1-na
64,agent_1-putonto-banana_6-cup_4,0.95,agent_1-putonto-chess_5-cup_4,0.65,agent_1-putonto-box_7-cup_4,0.45,agent_1-na
65,na,1.0,help,0.2,requesthelp,0.1,agent_2-na
66,na,1.0,na,0.5,na,0.3,agent_2-na
67,na,1.0,na,0.5,na,0.3,agent_2-na
68,na,1.0,respondto,0.3,wait,0.2,agent_2-na
69,agent_2-na,0.95,agent_2-respondto-agent_1,0.05,agent_2-harm-agent_1-actionspeak,0.0,agent_2-na
70,agent_2-na,0.95,agent_2-open-key_3,0.3,agent_2-give-key_3-agent_1,0.2,agent_2-na
71,na,0.95,give,0.3,putonto,0.2,agent_2-na
72,agent_1-respondto-agent_2,0.9,agent_1-inform-agent_2,0.7,agent_1-get-books_3,0.5,agent_1-get-books_3-na
73,agent_1-harm-agent_2-putonto-books_3-table_4,0.95,agent_1-greet-agent_2,0.75,agent_1-respondto-agent_2,0.65,agent_1-na
74,agent_1-greet-agent_2,0.85,agent_1-help-agent_2-open-box_5,0.75,agent_1-observe-box_5,0.65,agent_1-na
75,na,0.9,observe,0.6,wait,0.5,agent_2-na
76,agent_2-open-shelf_4,0.85,agent_2-get-key_3-box_5,0.65,agent_2-help-agent_1-putonto-dumbbell_6-table_7,0.5,agent_2-open-shelf_4
77,agent_2-open-shelf_4,0.85,agent_2-get-key_3-box_5,0.7,agent_2-observe-box_5,0.55,agent_2-na
78,na,0.95,observe,0.6,requesthelp,0.3,agent_1-help-me-na
79,na,0.95,help-agent_2-open-shelf_4,0.6,observe-key_3,0.45,agent_1-help-me-na
80,agent_1-na,0.9,agent_1-observe-box_6,0.6,agent_1-get-timer_5-box_6,0.5,agent_1-na
81,agent_1-na,0.95,agent_1-observe-box_6,0.6,agent_1-wait,0.4,agent_1-na
82,agent_1-get-timer_5-box_6,0.7,agent_1-observe-timer_5,0.6,agent_1-na,0.5,agent_1-na
83,Agent_1-Get-Timer_5-Agent_2,0.9,Agent_1-Inform-Agent_2-Timer_5,0.5,Agent_1-Help-Agent_2-Timer_5,0.5,agent_1-na
84,agent_1-greet-agent_2,0.95,agent_1-respondto-agent_2,0.75,agent_1-get-timer_5,0.65,agent_1-na
85,agent_2-putonto-chess_3-me,0.7,agent_2-inform-me-chess_3,0.6,agent_2-requesthelp-me-playwith-chess_3,0.5,agent_2-na
86,agent_2-playwith-chess_3-agent_1,0.8,agent_2-requesthelp-agent_1-get-chess_3,0.6,agent_2-inform-agent_1-chess_3,0.5,agent_2-na
87,agent_2-playwith-chess_3-agent_1,0.8,agent_2-greet-agent_1,0.6,agent_2-requesthelp-agent_1-playwith-chess_3,0.5,agent_2-observe-me
88,agent_2-playwith-chess_3-agent_1,0.95,agent_2-help-agent_1-playwith-chess_3,0.75,agent_2-inform-agent_1-playwith-chess_3,0.65,agent_2-playwith-chess_3-me
89,agent_2-playwith-chess_3-agent_1,0.9,agent_2-requesthelp-agent_1-playwith-chess_3,0.6,agent_2-inform-agent_1-chess_3,0.5,agent_2-na
90,na,0.95,greet,0.05,get,0.0,agent_2-na
91,observe-table_7,0.9,find-table_7,0.6,get-banana_6,0.4,agent_2-find-na
92,agent_2-observe-table_7,0.95,agent_2-find-table_7,0.6,agent_2-na,0.4,agent_2-na
93,agent_2-na,0.95,agent_2-observe-table_7,0.3,agent_2-greet-agent_1,0.2,agent_2-na
94,agent_2-putonto-<something>-table_7,0.7,agent_2-observe-table_7,0.6,agent_2-get-banana_6-from-somewhere,0.5,agent_2-na
95,agent_1-na,0.95,agent_1-wait,0.05,agent_1-inform,0.0,agent_1-na
96,agent_1-requesthelp-agent_2-unlock-box_3,0.8,agent_1-na,0.15,agent_1-observe-box_3,0.05,agent_1-na
97,agent_1-requesthelp-agent_2-get-box_3,0.75,agent_1-observe-box_3,0.6,agent_1-na,0.45,agent_1-na
98,agent_1-na,0.8,agent_1-open-box_3,0.6,agent_1-get-key_4,0.5,agent_1-na
99,na,0.9,observe-box_4,0.6,help-agent_2,0.4,agent_1-na
100,agent_1-na,0.95,agent_1-observe-key_3,0.75,agent_1-observe-box_4,0.65,agent_1-na
101,agent_1-na,0.95,agent_1-observe,0.75,agent_1-greet,0.5,agent_1-na
102,agent_1-greet-agent_2,0.85,agent_1-requesthelp-agent_2-get-key_3,0.75,agent_1-inform-agent_2-key_3-location,0.65,agent_1-give-key_3-na
103,agent_1-inform-agent_2-key_3,1.0,agent_1-respondto-agent_2-negative,1.0,agent_1-harm-agent_2-grab-key_3,0.75,agent_1-na
104,agent_1-respondto-agent_2,0.7,agent_1-harm-agent_2,0.6,agent_1-inform-agent_2,0.5,agent_1-na
105,agent_2-get-cup_4-box_7,0.85,agent_2-observe-box_7,0.65,agent_2-help-agent_1-putinto-cup_4-box_7,0.5,agent_2-na
106,Agent_2-Get-Cup_4-Box_7,0.8,Agent_2-Observe-Box_7,0.6,Agent_2-Help-Agent_1,0.5,agent_2-na
107,na,0.9,observe,0.5,wait,0.3,agent_1-na
108,agent_1-na,0.9,agent_1-get-cup_3,0.6,agent_1-wait,0.5,agent_1-na
109,agent_1-na,0.95,agent_1-get-cup_3,0.3,agent_1-observe-cup_3,0.2,agent_1-na
110,agent_1-na,0.95,agent_1-observe,0.6,agent_1-requesthelp,0.3,agent_1-na
111,na,0.95,observe,0.25,wait,0.15,agent_1-na
112,agent_1-greet-agent_2,0.7,agent_1-inform-agent_2,0.5,agent_1-requesthelp-agent_2,0.4,agent_1-na
113,agent_1-greet-agent_2,0.95,agent_1-respondto-agent_2,0.3,agent_1-na,0.15,agent_1-na
114,playwith-chess_3-agent_1,0.85,observe-chess_3,0.65,inform-agent_1-chess_3,0.55,agent_2-observe-world
115,Agent_2-PlayWith-Chess_3-Agent_1,0.9,Agent_2-RequestHelp-Agent_1-PlayWith-Chess_3,0.5,Agent_2-Inform-Agent_1-Chess_3_is_ready,0.3,agent_2-playwith-chess_3-me
116,agent_2-playwith-chess_3-agent_1,0.85,agent_2-get-chess_3,0.65,agent_2-inform-agent_1-play chess_3,0.5,agent_2-find-na
117,agent_2-get-chess_3-agent_1,0.85,agent_2-playwith-chess_3-agent_1,0.65,agent_2-inform-agent_1-chess_3,0.45,agent_2-na
118,agent_2-playwith-chess_3-agent_1,0.9,agent_2-inform-agent_1-chess_3,0.6,agent_2-help-agent_1-playwith-chess_3,0.5,agent_2-playwith-chess_3-me
119,agent_2-playwith-chess_3-agent_1,0.95,agent_2-get-chess_3,0.75,agent_2-observe-chess_3,0.65,agent_2-na
120,agent_2-na,0.9,agent_2-observe-timer_3,0.7,agent_2-requesthelp-agent_1-actionmoveto-timer_3,0.5,agent_2-find-key_7
121,agent_2-na,0.95,agent_2-wait,0.04,agent_2-observe-timer_3,0.01,agent_2-find-key_7
122,agent_2-give-key_7-agent_1,0.95,agent_2-observe-key_7,0.6,agent_2-na,0.3,agent_2-find-key_7
123,na,0.95,give,0.04,inform,0.01,agent_2-find-key_7
124,agent_2-give-key_7-agent_1,0.95,agent_2-inform-agent_1-key_7,0.75,agent_2-help-agent_1-get-banana_4,0.65,agent_2-find-key_7
125,agent_1-putonto-chess_3-ground,0.6,agent_1-help-agent_2-playwith-chess_3,0.3,agent_1-inform-agent_2-chess_3-ready,0.1,agent_1-playwith-chess_3-na
126,playwith,0.85,putonto,0.65,inform,0.5,agent_1-na
127,open-shelf_6,0.9,find-banana_9,0.6,get-books_3,0.5,agent_2-na
128,agent_2-get-books_3,0.8,agent_2-open-shelf_6,0.6,agent_2-observe-books_3,0.5,agent_2-na
129,agent_2-get-books_3,0.95,agent_2-observe-books_3,0.75,agent_2-help-agent_1-get-books_3,0.55,agent_2-find-na
130,agent_2-get-books_3,0.85,agent_2-respondto-agent_1,0.6,agent_2-observe-books_3,0.5,agent_2-help-me-na
131,get-books_3,0.85,putonto-books_3-table_5,0.65,greet-agent_1,0.55,agent_2-na
132,give,0.85,playwith,0.65,observe,0.45,agent_2-na
133,agent_2-give-timer_5-agent_1,0.8,agent_2-inform-agent_1-timer_5,0.6,agent_2-greet-agent_1,0.5,agent_2-na
134,agent_1-greet-agent_2,0.85,agent_1-na,0.1,"agent_1-actionmoveto-[-14.0, -350.0]",0.05,agent_1-observe-me
135,agent_1-greet-agent_2,0.9,agent_1-na,0.6,agent_1-inform-agent_2-nothing,0.4,agent_1-greet-me
136,agent_1-greet-agent_2,0.9,na,0.6,agent_1-get-table_7,0.3,agent_1-na
137,agent_1-observe-table_7,0.75,agent_1-get-table_7,0.5,agent_1-help-agent_2-actiongrab-table_7,0.4,agent_1-na
138,agent_1-observe-table_7,0.85,agent_1-get-table_7,0.6,agent_1-na,0.5,agent_1-na
139,agent_1-inform-agent_2-key_5,0.85,agent_1-give-key_5-agent_2,0.65,agent_1-observe-key_5,0.5,agent_1-observe-world
140,agent_1-give-key_5-agent_2,0.7,agent_1-inform-agent_2-key_5,0.2,agent_1-get-key_5-agent_2,0.1,agent_1-requesthelp-me-get-key_5-table_7
141,agent_1-greet-agent_2,0.8,agent_1-inform-agent_2-key_5,0.7,agent_1-get-key_5,0.6,agent_1-requesthelp-me
142,agent_1-respondto-agent_2,0.85,agent_1-requesthelp-agent_2-get-key_5-somewhere,0.75,agent_1-observe-key_5,0.65,agent_1-requesthelp-me-na
143,agent_1-give-key_5-agent_2,0.85,agent_1-inform-agent_2-key_5,0.65,agent_1-observe-key_5,0.45,agent_1-give-key_5
144,agent_1-give-key_5-agent_2,0.95,agent_1-get-key_5,0.75,agent_1-observe-key_5,0.6,agent_1-give-key_5
145,na,1.0,na,0.8,na,0.5,agent_1-find-me
146,agent_1-get-cup_3-somewhere,0.85,agent_1-observe-cup_3,0.65,agent_1-actionpointto-cup_3,0.5,agent_1-requesthelp-me-na
147,agent_1-get-cup_3-somewhere,0.85,agent_1-give-cup_3-agent_2,0.65,agent_1-putonto-cup_3-table_7,0.45,agent_1-na
148,agent_1-give-cup_3-agent_2,0.65,agent_1-get-cup_3,0.55,agent_1-putonto-cup_3-table_7,0.45,agent_1-na
149,agent_2-requesthelp-agent_1-open-box_3,0.8,agent_2-open-box_3,0.6,agent_2-get-box_3,0.5,agent_2-na
150,agent_2-inform-agent_1-key_4,0.85,agent_2-requesthelp-agent_1-get-key_4,0.65,agent_2-get-key_4,0.5,agent_2-na
151,Agent_2-Inform-Agent_1-Key_4,0.9,Agent_2-Help-Agent_1-Get-Key_4,0.5,Agent_2-Get-Key_4,0.5,agent_2-na
152,inform-agent_1-key_4,0.85,help-agent_1-get-key_4,0.65,get-key_4,0.5,agent_2-na
153,agent_1-na,0.95,agent_1-get-key_6-shelf_4,0.6,agent_1-observe-key_6,0.4,agent_1-na
154,agent_1-get-key_3-box_4,1.0,agent_1-open-box_4,1.0,agent_1-na,0.7,agent_1-na
155,agent_1-greet-agent_2,0.95,agent_1-get-key_3,0.75,agent_1-respondto-agent_2,0.65,agent_1-requesthelp-me-na
156,agent_1-get-key_3,0.9,agent_1-respondto-agent_2,0.6,agent_1-inform-agent_2-key_3,0.4,agent_1-na
157,agent_1-get-key_3-box_4,0.9,agent_1-greet-agent_2,0.6,agent_1-respondto-agent_2,0.5,agent_1-na
158,na,0.85,open-shelf_4,0.6,get-books_3,0.45,agent_2-observe-world
159,na,0.85,observe,0.6,help,0.4,agent_2-na
160,agent_2-na,0.95,agent_2-observe,0.75,agent_2-get,0.6,agent_2-na
161,agent_2-get-key_5-box_6,0.6,agent_2-open-box_6,0.5,agent_2-na,0.3,agent_2-get-cup_3-box_6
162,agent_2-open-box_6,0.85,agent_2-get-cup_3-box_6,0.65,agent_2-na,0.45,agent_2-na
163,get-cup_3-agent_1,0.95,open-box_6,0.75,help-agent_1-get-cup_3,0.65,agent_2-na
164,agent_2-get-cup_3-box_6,0.85,agent_2-observe-cup_3,0.65,agent_2-open-box_6,0.55,agent_2-na
165,agent_1-greet-agent_2,0.8,agent_1-requesthelp-agent_2-get,0.6,agent_1-na,0.5,agent_1-na
166,agent_1-putonto-banana_6-table_7,0.85,agent_1-get-banana_6-table_7,0.65,agent_1-open-cup_3,0.5,agent_1-na
167,"Agent_1-Get-Cup_3-[-100, 300]",0.9,Agent_1-Greet-Agent_2,0.5,Agent_1-Observe-Cup_3,0.5,agent_1-na
168,agent_1-give-cup_3-agent_2,0.85,agent_1-putonto-cup_3-table_7,0.65,agent_1-observe-cup_3,0.55,agent_1-na
169,na,0.8,playwith,0.6,inform,0.4,agent_1-na
170,agent_1-greet,0.95,agent_1-respondto,0.05,agent_1-na,0.0,agent_1-find-banana_6
171,agent_1-greet,0.85,agent_1-respondto-agent_2,0.65,agent_1-na,0.45,agent_1-find-banana_6
172,agent_1-inform-agent_2-key_3-box_5,0.85,agent_1-get-key_3-box_5,0.65,agent_1-open-box_5,0.55,agent_1-find-banana_6
173,agent_1-greet,0.9,agent_1-respondto,0.6,agent_1-inform,0.5,agent_1-observe-me
174,agent_1-greet,0.8,agent_1-observe-key_3,0.6,agent_1-na,0.4,agent_1-na
175,agent_1-requesthelp-agent_2-unlock_box_4,0.85,agent_1-get-key_3-box_5,0.7,agent_1-greet-agent_2,0.65,agent_1-na
176,agent_2-get-key_3-box_4,0.9,agent_2-open-box_4,0.7,agent_2-observe-key_3,0.5,agent_2-get-key_3-box_4
177,get-key_3-box_4,0.95,open-box_4,0.75,observe-key_3,0.6,agent_2-help-me-get-key_3-box_4
178,agent_2-give-key_3-agent_1,0.95,agent_2-help-agent_1-get-key_3,0.75,agent_2-observe-key_3,0.6,agent_2-help-me-get-key_3
179,agent_2-give-key_3-agent_1,0.9,agent_2-inform-agent_1-key_3,0.7,agent_2-help-agent_1-get-key_3,0.6,agent_2-na
180,agent_1-get-cup_4-table_3,0.85,agent_1-observe-cup_4,0.6,agent_1-find-cup_4,0.45,agent_1-get-banana_6-box_7
181,agent_1-putonto-cup_4-table_3,0.95,agent_1-get-cup_4,0.3,agent_1-na,0.2,agent_1-na
182,na,1.0,na,0.5,na,0.5,agent_1-na
183,Agent_1-Na,0.9,Agent_1-Observe-Cup_3,0.5,Agent_1-Get-Cup_3,0.1,agent_1-na
184,na,1.0,observe,0.2,wait,0.1,agent_2-find-key_3
185,agent_2-greet-agent_1,0.85,agent_2-inform-agent_1,0.65,agent_2-requesthelp-agent_1,0.45,agent_2-find-key_3
186,agent_2-greet-agent_1,0.75,agent_2-inform-agent_1-cup_7,0.6,agent_2-observe-cup_7,0.5,agent_2-find-key_3
187,agent_2-greet-agent_1,0.85,agent_2-find-cup_7,0.75,agent_2-observe-cup_7,0.65,agent_2-find-key_3
188,na,0.95,inform-agent_1-cup_7,0.3,help-agent_1-get-cup_7,0.2,agent_2-find-key_3
189,agent_2-greet-agent_1,0.85,agent_2-playwith-chess_3-agent_1,0.65,agent_2-inform-agent_1-chess_3,0.5,agent_2-greet-me
190,agent_2-playwith-chess_3-agent_1,0.85,agent_2-greet-agent_1,0.75,agent_2-inform-agent_1-chess_3,0.65,agent_2-observe-me
191,agent_2-playwith-chess_3-agent_1,0.9,agent_2-get-chess_3,0.5,agent_2-greet-agent_1,0.1,agent_2-na
192,agent_2-playwith-chess_3-agent_1,0.95,agent_2-greet-agent_1,0.75,agent_2-get-chess_3,0.5,agent_2-na
193,agent_2-requesthelp-agent_1-get-chess_4-box_6,0.85,agent_2-greet,0.6,agent_2-playwith-chess_4-agent_1,0.5,agent_2-na
194,agent_1-observe-<something>,0.4,agent_1-find-<something>,0.3,na,0.3,agent_1-find-na
195,agent_1-observe-banana_6,0.7,agent_1-get-banana_6,0.6,agent_1-na,0.5,agent_1-na
196,agent_1-observe-banana_6,0.7,agent_1-find-banana_6,0.6,agent_1-get-banana_6-from-somewhere,0.5,agent_1-na
197,na,0.95,respondto-agent_2,0.04,greet-agent_2,0.01,agent_1-requesthelp-me-get-chess_4-box_6
198,agent_1-open-box_6,1.0,agent_1-get-chess_4-box_6,1.0,agent_1-playwith-chess_4-agent_2,0.6,agent_1-requesthelp-me-na
199,observe,0.8,na,0.7,requesthelp,0.5,agent_1-requesthelp-me-na
200,agent_1-playwith-chess_3-agent_2,0.85,agent_1-get-chess_3,0.65,agent_1-na,0.45,agent_1-na
201,agent_1-playwith-chess_3-agent_2,0.95,agent_1-greet-agent_2,0.75,agent_1-get-chess_3,0.65,agent_1-na
202,agent_2-greet-agent_1,0.95,agent_2-requesthelp-agent_1-get-banana_6,0.75,agent_2-inform-agent_1-banana_6,0.6,agent_2-help-me-observe-world
203,agent_1-putonto-table_7-banana_6,0.3,agent_1-na,0.4,agent_1-greet-agent_2,0.3,agent_2-help-me-find-cup_3
204,agent_2-greet-agent_1,0.8,agent_2-get-cup_3-somewhere,0.6,agent_2-na,0.5,agent_2-observe-world
205,agent_2-give-cup_3-agent_1,0.9,agent_2-get-cup_3-from-cup_3,0.6,agent_2-help-agent_1-to-achieve-actionperform-drink,0.5,agent_2-na
206,give,0.85,get,0.65,greet,0.45,agent_2-na
207,na,0.9,na,0.7,na,0.5,agent_1-na
208,agent_1-na,1.0,agent_1-observe,0.5,agent_1-respondto,0.3,agent_1-na
209,agent_1-respondto-agent_2,0.85,agent_1-playwith-chess_3-agent_2,0.65,agent_1-na,0.35,agent_1-playwith-chess_3-me
210,agent_1-playwith-chess_3-agent_2,0.95,agent_1-inform-agent_2-chess_3,0.75,agent_1-requesthelp-agent_2-playwith-chess_3,0.6,agent_1-playwith-chess_3-na
211,agent_1-playwith-chess_3-agent_2,0.95,agent_1-inform-agent_2-playchess,0.75,agent_1-help-agent_2-playwith-chess_3,0.65,agent_1-give-chess_3-me
212,playwith,0.85,inform,0.65,give,0.55,agent_1-na
213,agent_1-playwith-chess_3-agent_2,0.85,agent_1-inform-agent_2-chess_3,0.65,agent_1-harm-agent_2-playwith-chess_3,0.55,agent_1-na
214,agent_1-playwith-chess_3-agent_2,0.95,agent_1-requesthelp-agent_2-playwith-chess_3,0.75,agent_1-inform-agent_2-chess_3,0.6,agent_1-na
215,na,0.95,observe,0.04,wait,0.01,agent_2-na
216,agent_2-greet-agent_1,0.95,agent_2-na,0.6,agent_2-requesthelp-agent_1,0.4,agent_2-na
217,greet,0.85,observe,0.65,help,0.45,agent_2-na
218,agent_1-playwith-chess_3-agent_2,0.95,agent_1-inform-agent_2-chess_3,0.75,agent_1-requesthelp-agent_2-playwith-chess_3,0.6,agent_1-playwith-chess_3-me
219,agent_1-playwith-chess_3-agent_2,0.95,agent_1-inform-agent_2-chess_3,0.75,agent_1-help-agent_2-playwith-chess_3,0.65,agent_1-na
220,agent_1-playwith-chess_3-agent_2,0.95,agent_1-inform-agent_2-chess_3,0.75,agent_1-requesthelp-agent_2-playwith-chess_3,0.65,agent_1-na
221,agent_1-get-key_4-agent_2,0.85,agent_1-requesthelp-agent_2-get-key_4,0.65,agent_1-observe-key_4,0.45,agent_1-find-key_4
222,agent_1-get-key_4-agent_2,0.8,agent_1-get-key_4,0.6,agent_1-harm-agent_2,0.4,agent_1-na
223,Agent_1-Get-Key_8,0.8,Agent_1-Find-Key_8,0.6,Agent_1-Na,0.5,agent_1-open-box_4
224,agent_1-requesthelp-agent_2-open-box_4,0.7,agent_1-greet-agent_2,0.5,agent_1-inform-agent_2-box_4,0.4,agent_1-open-box_4
225,agent_1-get-chess_6-box_7,0.8,agent_1-playwith-chess_6-agent_2,0.6,agent_1-greet-agent_2,0.4,agent_1-playwith-chess_6-me
226,agent_1-playwith-chess_6-agent_2,0.8,agent_1-greet-agent_2,0.6,agent_1-inform-agent_2-chess_6,0.5,agent_1-na
227,playwith-chess_6-agent_1,0.95,get-chess_6-box_7,0.75,requesthelp-agent_2-playwith-chess_6,0.65,agent_1-na
228,agent_1-greet-agent_2,0.95,agent_1-requesthelp-agent_2-playwith-chess_8,0.75,agent_1-requesthelp-agent_2-get-cup_3,0.65,agent_1-na
229,na,1.0,observe-timer_4,0.5,inform-agent_1,0.3,agent_2-na
230,na,0.9,get-timer_4,0.5,observe-timer_4,0.4,agent_2-na
231,agent_2-na,0.95,agent_2-observe-timer_4,0.6,agent_2-greet-agent_1,0.4,agent_2-na
232,agent_2-requesthelp-agent_1-get-key_3,0.85,agent_2-open-box_4,0.75,agent_2-na,0.6,agent_2-open-na
233,Agent_2-RequestHelp-Agent_1-Get-Key_3-Box_4,0.9,Agent_2-Get-Key_3-Box_4,0.5,Agent_2-Inform-Agent_1-Key_3-Box_4,0.3,agent_2-harm-me-na
234,agent_2-greet-agent_1,0.95,agent_2-requesthelp-agent_1-get-key_3,0.05,agent_2-na,0.0,agent_2-greet-me
235,agent_2-greet-agent_1,0.9,agent_2-na,0.6,agent_2-observe-key_3,0.4,agent_2-get-na
236,agent_2-greet-agent_1,0.95,agent_2-inform-agent_1-key_3,0.7,agent_2-observe-key_3,0.6,agent_2-get-na
237,greet,0.95,observe,0.75,na,0.5,agent_2-get-na
238,agent_2-get-key_3-box_4,0.85,agent_2-observe-key_3,0.65,agent_2-greet-agent_1,0.55,agent_2-get-na
239,agent_2-greet-agent_1,0.85,agent_2-respondto-agent_1,0.65,agent_2-na,0.45,agent_2-na
240,requesthelp-agent_1-get-dumbbell_3,0.75,inform-agent_1-box_4-is-open,0.6,observe-dumbbell_3,0.5,agent_2-requesthelp-me-get-dumbbell_5-na
241,agent_2-help-agent_1-get-dumbbell_5,0.9,agent_2-greet-agent_1,0.7,agent_2-observe-dumbbell_5,0.5,agent_2-na
242,greet,0.95,inform,0.05,requesthelp,0.01,agent_2-requesthelp-me-na
243,agent_2-greet-agent_1,0.8,agent_2-na,0.6,agent_2-na,0.4,agent_2-requesthelp-me-na
244,agent_2-greet-agent_1,0.95,agent_2-na,0.75,agent_2-observe-banana_6,0.6,agent_2-requesthelp-me-na
245,greet,0.9,respondto-agent_1,0.6,na,0.3,agent_2-help-me-find-cup_3
246,agent_2-observe-cup_3,0.9,agent_2-inform-agent_1-cup_3,0.7,agent_2-find-cup_3,0.6,agent_2-requesthelp-me-get-banana_6-na
247,agent_2-greet-agent_1,0.85,agent_2-respondto-agent_1,0.65,agent_2-get-cup_3,0.5,agent_2-requesthelp-me-get-banana_6-na
248,agent_2-greet-agent_1,0.8,agent_2-inform-agent_1-cup_3,0.6,agent_2-requesthelp-agent_1-get-banana_6,0.5,agent_2-requesthelp-me-get-table_7-na
249,agent_2-get-banana_6,0.95,agent_2-requesthelp-agent_1-get-banana_6,0.25,agent_2-observe-banana_6,0.2,agent_2-requesthelp-me-get-banana_6-na
250,agent_2-get-banana_6,0.85,agent_2-harm-agent_1,0.65,agent_2-greet,0.45,agent_2-requesthelp-me-get-banana_6-na
251,get-banana_6,0.9,greet,0.6,respondto,0.4,agent_2-requesthelp-me
252,agent_2-get-banana_6,0.85,agent_2-harm-agent_1-getbanana_6,0.65,agent_2-greet,0.5,agent_2-requesthelp-me
253,na,0.9,na,0.7,na,0.5,agent_1-na
254,agent_1-open-box_3,0.95,agent_1-get-box_3,0.75,agent_1-observe-box_3,0.65,agent_1-find-na
255,agent_1-open-box_3,0.6,agent_1-find-key_4,0.4,agent_1-na,0.3,agent_1-na
256,Agent_2-PutInto-Key_5-Shelf_4,0.9,Agent_2-Get-Key_5,0.7,Agent_2-Get-Timer_3-Agent_1,0.6,agent_2-na
257,agent_2-putinto-key_5-shelf_4,0.95,agent_2-get-key_5,0.75,agent_2-help-agent_1,0.6,agent_2-na
258,agent_2-na,1.0,agent_2-wait,0.5,agent_2-observe,0.3,agent_2-na
259,na,1.0,na,0.5,na,0.3,agent_2-na
260,na,0.95,observe,0.05,wait,0.0,agent_2-na
261,agent_2-na,0.95,agent_2-wait,0.05,agent_2-observe,0.0,agent_2-na
262,na,0.95,wait,0.04,greet,0.01,agent_2-na
263,agent_2-playwith-chess_3-agent_1,0.85,agent_2-give-3-agent_1,0.65,agent_2-help-agent_1-playwith-chess_3,0.55,agent_2-na
264,playwith,0.75,get,0.6,give,0.5,agent_2-na
265,na,0.85,requesthelp-agent_2-get-key_7,0.6,get-key_7,0.5,agent_1-putinto-box_5-na
266,na,0.95,observe-banana_6,0.75,get-banana_6-from-table_3,0.65,agent_1-na
267,agent_2-na,1.0,agent_2-observe-cup_3,0.5,agent_2-get-cup_3-somewhere,0.3,agent_2-na
268,agent_1-get-chess_4-box_5,0.85,agent_1-playwith-chess_4,0.75,agent_1-open-box_5,0.65,agent_1-requesthelp-me-na
269,playwith-chess_3-agent_2,0.85,help-agent_2-playwith-chess_3,0.65,inform-agent_2-chess_3,0.5,agent_1-na
270,agent_1-playwith-chess_4-agent_2,0.85,agent_1-playwith-chess_3-agent_2,0.75,agent_1-requesthelp-agent_2-playwith-chess_4,0.65,agent_1-na
271,agent_1-na,0.95,agent_1-observe-key_3,0.6,agent_1-observe-box_4,0.4,agent_1-na
272,na,0.9,observe-key_3,0.6,get-key_3,0.5,agent_1-na
273,agent_1-open-box_4,0.8,agent_1-get-key_5,0.6,agent_1-playwith-chess_9-agent_2,0.5,agent_1-open-box_4
274,agent_1-get-key_5,0.85,agent_1-playwith-chess_9,0.65,agent_1-inform-agent_2-box_4,0.55,agent_1-na
275,agent_2-greet-agent_1,0.95,agent_2-respondto-agent_1,0.75,agent_2-na,0.6,agent_2-help-me-na
276,agent_2-respondto-agent_1,0.85,agent_2-greet-agent_1,0.65,agent_2-na,0.45,agent_2-help-me-na
277,agent_2-greet-agent_1,0.85,agent_2-requesthelp-agent_1-open-box_3,0.65,agent_2-na,0.45,agent_2-help-me-na
278,agent_2-open-box_4,0.85,agent_2-greet-agent_1,0.6,agent_2-get-key_5,0.4,agent_2-inform-me-key_5
279,agent_2-give-key_5-agent_1,0.85,agent_2-open-box_4,0.65,agent_2-na,0.5,agent_2-inform-me-na
280,agent_2-open-box_4,0.95,agent_2-give-key_5-agent_1,0.6,agent_2-greet,0.3,agent_2-na
281,agent_2-open-box_4,0.95,agent_2-get-key_5,0.75,agent_2-greet-agent_1,0.6,agent_2-na
282,agent_2-get-key_6-shelf_7,0.85,agent_2-open-box_4,0.65,agent_2-inform-agent_1-key_6-shelf_7,0.5,agent_2-na
283,agent_2-get-key_6-shelf_7,0.9,agent_2-find-key_6,0.7,agent_2-na,0.5,agent_2-na
284,agent_2-get-key_6-shelf_7,0.9,agent_2-open-shelf_7,0.7,agent_2-find-key_6-shelf_7,0.6,agent_2-na
285,agent_2-requesthelp-agent_1-open-box_5,0.95,agent_2-get-books_3-box_5,0.75,agent_2-get-key_6-agent_1,0.65,agent_2-putinto-books_3-shelf_4
286,requesthelp-agent_1-open-box_5,0.85,inform-agent_1-box_5-locked,0.65,harm-agent_1-open-box_5,0.45,agent_2-na
287,respondto-agent_2,0.8,greet-agent_2,0.6,harm-agent_2,0.5,agent_1-na
288,agent_1-greet-agent_2,0.85,agent_1-respondto-agent_2,0.65,agent_1-harm-agent_2,0.45,agent_1-na
289,agent_1-greet-agent_2,0.95,agent_1-respondto-agent_2,0.75,agent_1-na,0.3,agent_1-na
290,agent_2-open-shelf_4,0.8,agent_2-open-box_5,0.6,agent_2-greet-agent_1,0.5,agent_2-putinto-key_3-na
291,agent_2-open-shelf_4,0.65,agent_2-help-agent_1-open-box_5,0.55,agent_2-greet,0.45,agent_2-putinto-key_3-na
292,na,0.95,observe,0.6,requesthelp,0.3,agent_2-na
293,agent_1-putonto-box_4-banana_3,0.9,agent_1-get-banana_3-box_4,0.7,agent_1-harm-agent_2-get-banana_3,0.6,agent_2-na
294,agent_2-open-box_5,0.95,agent_2-get-box_5,0.75,agent_2-greet-agent_1,0.6,agent_2-na
295,agent_2-open-box_5,0.85,agent_2-greet,0.6,agent_2-get-box_5,0.55,agent_2-na
296,na,0.95,wait,0.04,greet,0.01,agent_1-find-na
297,agent_1-get-banana_3-box_4,0.95,agent_1-playwith-chess_6-agent_2,0.65,agent_1-observe-banana_3,0.45,agent_1-find-na
298,agent_1-get-banana_3-box_4,0.95,agent_1-give-banana_3-agent_2,0.7,agent_1-putonto-banana_3-table_4,0.55,agent_1-na
299,agent_1-na,0.95,agent_1-wait,0.75,agent_1-observe,0.5,agent_1-open-box_5
300,agent_1-na,1.0,agent_1-observe-dumbbell_6,0.3,agent_1-help-agent_2-actionputonto-dumbbell_6-box_5,0.2,agent_1-na
301,agent_1-greet-agent_2,0.95,agent_1-na,0.05,agent_1-observe-table_4,0.05,agent_1-putonto-dumbbell_6-na
302,agent_1-greet,0.9,agent_1-respondto-agent_2,0.6,agent_1-inform-agent_2,0.5,agent_1-na
303,agent_1-get-books_6-box_7,0.85,agent_1-get-key_3-agent_2,0.65,agent_1-help-agent_2-open-box_4,0.5,agent_1-na
304,agent_1-get-books_6-box_7,0.85,agent_1-help-agent_2-actionopen-box_4,0.65,agent_1-observe-books_6,0.55,agent_1-na
305,agent_1-open-box_5,0.95,agent_1-unlock-box_5,0.75,agent_1-get-box_5,0.6,agent_1-find-books_3
306,agent_1-open-box_5,1.0,agent_1-get-books_3-box_5,1.0,agent_1-unlock-box_5,0.9,agent_1-greet-me
307,agent_1-get-books_3-box_5,0.85,agent_1-open-box_5,0.75,agent_1-greet,0.6,agent_1-give-books_3-me
308,agent_1-putonto-books_3-table_4,0.95,agent_1-get-books_3-box_5,0.75,agent_1-open-box_5,0.65,agent_1-na
309,agent_2-get-key_3-agent_1,0.7,agent_2-open-box_5,0.6,agent_2-inform-agent_1-box_5-is-closed,0.5,agent_2-na
310,get-key_3-agent_1,0.8,observe-key_3,0.6,help-agent_1-putinto-key_3-box_5,0.5,agent_2-na
311,agent_2-observe-key_3,0.85,agent_2-observe-box_5,0.75,agent_2-na,0.45,agent_2-na
312,agent_1-open-box_4,0.95,agent_1-get-key_5,0.75,agent_1-inform-agent_2-box_4,0.65,agent_1-open-box_4
313,agent_1-open-box_4,0.95,agent_1-get-cup_3-box_4,0.75,agent_1-inform-agent_2-cup_3,0.6,agent_1-na
314,agent_1-open-box_5,0.9,agent_1-get-dumbbell_3,0.6,agent_1-observe-dumbbell_3,0.5,agent_1-find-na
315,Agent_1-Inform-Agent_2-Box_5-Open,0.9,Agent_1-RequestHelp-Agent_2-Get-Dumbbell_3,0.5,Agent_1-Help-Agent_2-PutOnto-Dumbbell_3-Box_5,0.1,agent_1-find-na
316,agent_1-open-box_5,0.85,agent_1-get-dumbbell_3,0.65,agent_1-inform-agent_2-box_5-is-open,0.55,agent_1-na
317,agent_2-playwith-agent_1-chess_3,0.85,agent_2-help-agent_1-playwith-chess_3,0.65,agent_2-putonto-box_5-chess_3,0.55,agent_2-na
318,agent_1-putonto-box_5-chess_3,0.85,agent_1-help-agent_2-playwith-chess_3,0.65,agent_1-respondto-agent_2-greet,0.45,agent_2-na
319,na,0.95,wait,0.75,observe,0.6,agent_2-na
320,agent_2-na,0.95,agent_2-observe,0.3,agent_2-help,0.2,agent_2-na
321,agent_2-get-dumbbell_3-box_5,0.85,agent_2-give-[5]-agent_1,0.65,agent_2-na,0.45,agent_2-putonto-dumbbell_3-na
322,agent_2-give-[5]-agent_1,0.7,agent_2-putinto-[5]-box_5,0.6,agent_2-observe-box_5,0.5,agent_2-putonto-dumbbell_3-na
323,agent_2-give-dumbbell_3-agent_1,0.85,agent_2-get-dumbbell_3-box_5,0.65,agent_2-observe-box_5,0.5,agent_2-putonto-dumbbell_3-na
324,agent_2-greet-agent_1,0.95,agent_2-open-timer_6,0.75,agent_2-give-timer_6-agent_1,0.65,agent_2-greet-me
325,greet,0.95,na,0.05,inform,0.0,agent_2-observe-world
326,agent_2-open-box_5,0.95,agent_2-get-box_5,0.75,agent_2-inform-agent_1-box_5,0.6,agent_2-putinto-dumbbell_3-box_5
327,agent_2-open-box_5,0.95,agent_2-get-key_4,0.75,agent_2-greet,0.6,agent_2-na
328,agent_1-inform-agent_2-chess_3,0.85,agent_1-observe-chess_3,0.75,agent_1-get-object-chess_3,0.6,agent_1-playwith-chess_3-me
329,agent_1-playwith-chess_6-agent_2,0.95,agent_1-help-agent_2-playwith-chess_6,0.75,agent_1-respondto-agent_2,0.6,agent_1-na
330,Agent_1-playwith-chess_6-Agent_2,0.9,Agent_1-help-Agent_2-playwith-chess_6,0.5,Agent_1-inform-Agent_2-chess_6,0.5,agent_1-na
331,agent_2-open-box_4,0.85,agent_2-get-timer_3-box_4,0.75,agent_2-give-key_5-agent_1,0.6,agent_2-get-timer_3-box_4
332,agent_2-open-box_4,0.9,agent_2-get-timer_3-box_4,0.7,agent_2-help-agent_1-open-box_4,0.5,agent_2-get-timer_3-box_4
333,get-timer_3-box_4,0.95,open-box_4,0.75,unlock-box_4,0.65,agent_2-na
334,agent_2-get-timer_3-box_4,0.95,agent_2-open-box_4,0.75,agent_2-unlock-box_4,0.65,agent_2-na
335,na,0.8,get-key_5-box_7,0.6,harm-agent_2-get-key_5,0.4,agent_1-requesthelp-me-get-key_5-box_4
336,respondto-agent_2,0.8,inform-agent_2-key_5,0.6,get-key_5,0.5,agent_1-requesthelp-me-get-key_5-box_7
337,agent_1-respondto-agent_2,0.7,agent_1-greet,0.6,agent_1-na,0.5,agent_1-na
338,na,0.8,requesthelp,0.6,get,0.5,agent_2-get-box_8
339,requesthelp,0.85,get,0.65,observe,0.55,agent_2-get-box_8
340,na,0.95,observe,0.04,wait,0.01,agent_2-get-box_8
341,agent_2-respondto-agent_1,0.95,agent_2-na,0.75,agent_2-greet,0.6,agent_2-na
342,agent_1-give-key_3-agent_2,0.9,agent_1-get-key_3-box_4,0.7,agent_1-open-box_4,0.6,agent_1-requesthelp-me-na
343,agent_1-get-key_3-box_4,0.85,agent_1-give-key_3-agent_2,0.65,agent_1-inform-agent_2-key_3,0.55,agent_1-na
344,agent_2-observe-cup_4,0.85,agent_2-requesthelp-agent_1-get-cup_4,0.65,agent_2-find-cup_4,0.5,agent_2-respondto-me
345,agent_2-get-cup_4-table_3,0.85,agent_2-give-cup_4-agent_1,0.65,agent_2-observe-cup_4,0.55,agent_2-help-me-putonto-cup_4-table_3
346,agent_2-give-cup_4-agent_1,0.95,agent_2-get-cup_4,0.75,agent_2-inform-agent_1-cup_4,0.65,agent_2-observe-me
347,putonto-cup_4-table_3,0.85,give-cup_4-agent_1,0.65,inform-agent_1-objectplacement,0.55,agent_2-na
348,agent_2-putonto-cup_4-table_3,0.95,agent_2-give-cup_4-agent_1,0.75,agent_2-help-agent_1-get-cup_4,0.65,agent_2-na
349,agent_1-open-box_4,0.9,agent_1-get-key_6,0.6,agent_1-get-key_7,0.5,agent_1-na
350,agent_1-get-key_3-box_4,0.85,agent_1-open-box_4,0.65,agent_1-inform-agent_2-key_3,0.45,agent_1-na
351,agent_1-observe-object_1,0.7,agent_1-find-object_1,0.6,agent_1-get-object_1,0.5,agent_1-find-na
352,agent_1-requesthelp-agent_2-get-cup_3,0.95,agent_1-get-cup_3,0.75,agent_1-observe-cup_3,0.6,agent_1-get-cup_3-na
353,give-cup_3-agent_2,0.85,open-cup_3,0.65,playwith-cup_3-agent_2,0.55,agent_1-na
354,agent_2-open-box_4,0.65,agent_2-get-key_7,0.55,agent_2-unlock-box_4,0.45,agent_2-na
355,agent_1-putonto-key_7-box_4,0.6,agent_1-get-key_7,0.5,agent_1-open-box_4,0.5,agent_2-na
356,agent_2-na,0.85,agent_2-observe,0.6,agent_2-help,0.4,agent_2-na
357,agent_1-get-timer_3-box_4,0.85,agent_1-open-box_4,0.75,agent_1-find-timer_3,0.65,agent_1-find-timer_3
358,Agent_1-Give-Timer_3-Agent_2,0.9,Agent_1-Help-Agent_2-Get-Timer_3,0.5,Agent_1-Observe-Timer_3,0.1,agent_1-help-me-find-na
359,agent_1-give-timer_3-agent_2,0.95,agent_1-putonto-timer_3-table_4,0.75,agent_1-open-box_4,0.65,agent_1-na
360,get-key_3-box_4,0.8,observe-key_3,0.6,na,0.5,agent_2-na
361,agent_2-putonto-cup_6-table_7,0.95,agent_2-get-cup_6-box_4,0.75,agent_2-observe-cup_6,0.6,agent_2-putonto-cup_6-table_7
362,agent_2-putonto-cup_6-table_7,0.95,agent_2-give-cup_6-agent_1,0.6,agent_2-observe-cup_6,0.4,agent_2-putonto-cup_6-table_7
363,putonto-cup_6-table_7,0.95,give-agent_1-cup_6,0.75,inform-agent_1-cup_6,0.65,agent_2-putonto-cup_6-table_7
364,get-key_3-box_5,0.85,putonto-cup_6-table_7,0.75,give-cup_6-agent_1,0.65,agent_2-putonto-cup_6-table_7
365,agent_2-putonto-cup_6-table_7,0.9,agent_2-give-cup_6-agent_1,0.5,agent_2-help-agent_1-get-key_3,0.5,agent_2-putonto-cup_6-table_7
366,agent_2-putonto-cup_6-table_7,0.9,agent_2-get-cup_6-box_4,0.8,agent_2-get-key_3-box_5,0.7,agent_2-na
367,agent_2-get-cup_3-location,0.8,agent_2-putonto-cup_3-table_4,0.6,agent_2-open-cup_3,0.4,agent_2-requesthelp-me-putonto-cup_3-table_4
368,agent_2-get-cup_3-table_4,0.85,agent_2-putonto-cup_3-table_4,0.65,agent_2-wait,0.5,agent_2-putonto-cup_3-table_4
369,agent_2-requesthelp-agent_1-unlock,0.95,agent_2-putonto-cup_3-table_4,0.75,agent_2-observe-box_6,0.6,agent_2-na
370,agent_1-open-box_4,0.85,agent_1-inform-agent_2-key_7,0.75,agent_1-get-banana_3-box_4,0.65,agent_1-playwith-chess_5-me
371,agent_1-open-box_4,0.9,agent_1-get-banana_3,0.7,agent_1-greet-agent_2,0.6,agent_1-na
372,agent_1-putinto-dumbbell_3-shelf_4,1.0,agent_1-get-dumbbell_3,1.0,agent_1-open-shelf_4,0.85,agent_1-na
373,agent_1-help-agent_2-putinto-dumbbell_3-shelf_4,0.9,agent_1-putinto-dumbbell_3-shelf_4,0.7,agent_1-get-dumbbell_3,0.6,agent_1-na
374,agent_2-get-banana_3-box_4,0.8,agent_2-open-box_4,0.6,agent_2-give-banana_3-agent_1,0.5,agent_2-find-banana_3
375,get-banana_3-box_4,0.9,open-box_4,0.7,give-banana_3-agent_1,0.5,agent_2-na
376,agent_2-get-banana_3-box_4,0.95,agent_2-putonto-banana_3-table_4,0.65,agent_2-inform-agent_1-banana_3,0.55,agent_2-na
377,find-key_5,0.85,get-banana_7,0.65,help-agent_2-get-banana_7,0.55,agent_1-na
378,na,1.0,get-banana_7-box_8,0.6,observe-banana_7,0.4,agent_1-na
379,agent_1-na,0.95,agent_1-respondto-agent_2,0.6,agent_1-observe,0.3,agent_1-na
380,agent_2-playwith-chess_11-agent_1,0.95,agent_2-observe-chess_11,0.75,agent_2-get-chess_3-box_4,0.6,agent_2-na
381,agent_1-putonto-key_6-box_8,0.9,agent_1-open-box_8,0.8,agent_1-grab-chess_11,0.75,agent_2-na
382,agent_2-playwith-chess_11-agent_1,0.85,agent_2-observe-chess_11,0.65,agent_2-get-chess_11-shelf_7,0.55,agent_2-playwith-chess_11-me
383,Agent_2-PlayWith-Chess_11-Agent_1,0.9,Agent_2-Observe-Chess_11,0.5,Agent_2-Help-Agent_1-PlayWith-Chess_11,0.3,agent_2-na
384,agent_2-playwith-chess_11-agent_1,0.9,agent_2-give-key_6-agent_1,0.5,agent_2-putonto-key_6-shelf_7,0.5,agent_2-na
385,agent_2-get-chess_5-box_4,0.7,agent_2-open-box_4,0.6,agent_2-playwith-agent_1,0.5,agent_2-na
386,get-dumbbell_3-box_4,0.85,observe-dumbbell_3,0.65,na,0.45,agent_2-na
387,agent_2-playwith-chess_3-agent_1,0.85,agent_2-get-chess_3,0.65,agent_2-observe-chess_3,0.55,agent_2-playwith-chess_3-na
388,agent_2-playwith-chess_3-agent_1,0.95,agent_2-inform-agent_1-chess_3,0.75,agent_2-requesthelp-agent_1-playwith-chess_3,0.65,agent_2-na
389,agent_2-playwith-chess_3-agent_1,0.9,agent_2-inform-agent_1-play chess_3,0.7,agent_2-requesthelp-agent_1-playwith chess_3,0.6,agent_2-na
390,agent_1-na,0.95,agent_1-wait,0.05,agent_1-help,0.0,agent_1-na
391,agent_1-requesthelp-agent_2-get-key_3,0.85,agent_1-requesthelp-agent_2-unlock-box_4,0.75,agent_1-inform-agent_2-key_3,0.65,agent_1-find-na
392,agent_1-greet-agent_2,0.85,agent_1-inform-agent_2-key_3,0.75,agent_1-help-agent_2-get-key_3,0.65,agent_1-greet-me
393,agent_1-requesthelp-agent_2-open-box_4,0.9,agent_1-greet-agent_2,0.7,agent_1-inform-agent_2-key_3,0.6,agent_1-greet-me
394,agent_1-greet-agent_2,0.8,agent_1-requesthelp-agent_2-open-box_4,0.6,agent_1-get-key_3,0.5,agent_1-na
395,agent_1-requesthelp-agent_2-open-box_4,0.85,agent_1-greet-agent_2,0.65,agent_1-observe-box_4,0.55,agent_1-na
396,agent_1-get-key_7-table_4,0.9,agent_1-open-box_6,0.5,agent_1-playwith-chess_5-agent_2,0.5,agent_1-na
397,agent_1-get-key_7-location,0.8,agent_1-greet-agent_2,0.6,agent_1-help-agent_2-unlock-box_6,0.5,agent_1-na
398,agent_1-greet-agent_2,0.8,agent_1-find-table_4,0.6,agent_1-putonto-timer_3-table_4,0.5,agent_1-find-me
399,give-timer_3-agent_2,0.85,putonto-timer_3-table_4,0.65,help-agent_2-get-timer_3,0.55,agent_1-help-na
400,agent_1-putonto-timer_3-table_4,0.95,agent_1-get-timer_3-table_4,0.65,agent_1-inform-agent_2-timer_3,0.45,agent_1-na
401,agent_1-putonto-timer_3-table_4,0.85,agent_1-give-timer_3-agent_2,0.75,agent_1-putinto-timer_3-table_4,0.65,agent_1-na
402,get-key_6,0.9,open-box_5,0.7,inform-agent_2,0.6,agent_1-help-me-putinto-dumbbell_3-box_4
403,agent_1-open-box_5,0.95,agent_1-get-dumbbell_3,0.75,agent_1-inform-agent_2-box_5-unlocked,0.65,agent_1-help-me-putinto-dumbbell_3-box_4
404,agent_1-get-dumbbell_3-box_5,0.9,agent_1-open-box_5,0.7,agent_1-unlock-box_5,0.6,agent_1-help-me-putinto-dumbbell_3-box_4
405,agent_1-open-box_5,0.95,agent_1-get-key_6,0.75,agent_1-harm-agent_2-open-box_5,0.35,agent_1-respondto-me
406,agent_1-get-dumbbell_3-box_5,0.85,agent_1-unlock-box_5,0.75,agent_1-open-box_5,0.7,agent_1-respondto-me
407,agent_1-get-dumbbell_3-box_5,0.95,agent_1-open-box_4,0.75,agent_1-help-agent_2-get-dumbbell_3,0.65,agent_1-na
408,na,0.95,inform,0.03,help,0.02,agent_2-na
409,get,0.8,observe,0.6,greet,0.5,agent_2-na
410,agent_2-greet-agent_1,0.95,agent_2-na,0.03,agent_2-respondto-agent_1,0.02,agent_2-help-me-na
411,agent_2-greet-agent_1,0.95,agent_2-inform-agent_1,0.7,agent_2-observe-timer_3,0.5,agent_2-help-me
412,agent_2-greet-agent_1,1.0,agent_2-na,0.8,agent_2-inform-agent_1-timer_3,0.2,agent_2-help-me
413,agent_1-greet-agent_2,0.95,agent_1-requesthelp-agent_2-get-banana_3,0.75,agent_1-get-banana_3-box_4,0.65,agent_1-help-me-na
414,agent_1-get-banana_3-agent_2,0.65,agent_1-inform-agent_2-banana_3,0.3,agent_1-na,0.05,agent_1-na
415,agent_1-na,1.0,agent_1-get-key_6,1.0,agent_1-observe-key_6,0.9,agent_1-na
416,na,0.95,get-key_6,0.3,help-agent_2,0.2,agent_1-na
417,na,0.95,wait,0.05,observe,0.0,agent_1-na
418,agent_1-playwith-chess_3-agent_2,0.95,agent_1-inform-agent_2-chess_3,0.75,agent_1-get-chess_3-box_5,0.65,agent_1-help-me-get-na
419,agent_1-open-box_7,0.95,agent_1-get-chess_10-box_7,0.85,agent_1-observe-box_7,0.75,agent_1-get-na
420,agent_1-open-box_7,0.9,agent_1-get-chess_10-box_7,0.6,agent_1-playwith-chess_10-agent_2,0.3,agent_1-na
421,agent_1-get-chess_10-box_7,0.85,agent_1-open-box_7,0.65,agent_1-playwith-chess_10-agent_2,0.45,agent_1-na
422,agent_1-playwith-chess_3-agent_2,0.95,agent_1-requesthelp-agent_2-playwith-chess_3,0.75,agent_1-observe-chess_3,0.6,agent_1-na
423,agent_1-playwith-chess_3-agent_2,0.95,agent_1-greet-agent_2,0.75,agent_1-help-agent_2-playwith-chess_3,0.65,agent_1-na
424,agent_1-putonto-box_3-landmark_wall_5,0.1,agent_1-observe-box_3,0.2,agent_1-respondto-agent_2,0.3,agent_2-na
425,agent_2-na,0.85,agent_2-requesthelp-agent_1-open,0.65,agent_2-observe-box_3,0.5,agent_2-observe-world
426,na,0.9,observe-box_3,0.6,help-agent_1-get-box_3,0.5,agent_2-greet-me
427,agent_2-requesthelp-agent_1-open-box_3,0.6,agent_2-observe-box_3,0.3,agent_2-na,0.1,agent_2-greet-me
428,agent_2-respondto-agent_1,0.8,agent_2-inform-agent_1-key_4,0.6,agent_2-help-agent_1-get-key_4,0.5,agent_2-give-key_4-me
429,open-box_3,0.9,get-key_4,0.6,help-agent_1,0.4,agent_2-give-key_4-me
430,get-key_4-landmark wall_5,0.95,help-agent_1-open-box_3,0.75,inform-agent_1-key_4,0.65,agent_2-na
431,agent_1-playwith-chess_3-agent_2,0.95,agent_1-inform-agent_2-chess_3,0.75,agent_1-requesthelp-agent_2-playwith-chess_3,0.65,agent_1-playwith-chess_3-me
432,playwith-chess_3-agent_2,0.95,requesthelp-agent_2-playwith-chess_3,0.75,inform-agent_2-playwith-chess_3,0.65,agent_1-na
433,agent_2-putonto-books_5-box_4,0.85,agent_2-open-box_4,0.65,agent_2-give-books_5-agent_1,0.55,agent_2-putinto-books_5-box_4
434,agent_2-putinto-books_5-box_4,0.85,agent_2-get-timer_3-box_4,0.65,agent_2-na,0.45,agent_2-na
435,agent_1-greet,0.9,agent_1-requesthelp-agent_2-get-key_5,0.6,agent_1-inform-agent_2-box_4,0.5,agent_1-playwith-chess_3-me
436,agent_1-requesthelp-agent_2-get-key_5,0.85,agent_1-greet-agent_2,0.65,agent_1-help-agent_2-open-box_4,0.55,agent_1-playwith-chess_3-me
437,agent_1-playwith-chess_3-agent_2,0.85,agent_1-get-chess_3,0.75,agent_1-greet-agent_2,0.65,agent_1-playwith-chess_3-me
438,playwith-chess_3-agent_2,0.85,get-chess_3-agent_2,0.65,greet-agent_2,0.45,agent_1-na
439,agent_1-putonto-key_3-box_5,0.8,agent_1-get-key_3-box_5,0.7,agent_1-open-box_5,0.6,agent_2-find-cup_6
440,get-key_3-from-agent_1,0.9,putonto-cup_6-box_8,0.6,open-box_4,0.5,agent_2-putonto-cup_6-table_7
441,agent_2-na,0.95,agent_2-observe,0.03,agent_2-requesthelp,0.02,agent_2-putonto-cup_6
442,agent_2-putinto-cup_6-box_8,0.7,agent_2-give-cup_6-agent_1,0.5,agent_2-na,0.4,agent_2-putonto-cup_6
443,agent_2-playwith-chess_3-agent_1,0.95,agent_2-inform-agent_1-chess_3,0.75,agent_2-harm-agent_1-open-box_5,0.6,agent_2-requesthelp-me-get-chess_3-me
444,agent_2-get-key_6,0.8,agent_2-na,0.7,agent_2-open-key_6,0.5,agent_2-open-box_5
445,agent_2-open-box_5,0.95,agent_2-get-dumbbell_3-box_5,0.75,agent_2-help-agent_1-open-box_5,0.65,agent_2-na
446,agent_2-open-box_5,0.95,agent_2-get-dumbbell_3-box_5,0.75,agent_2-help-agent_1-open-box_5,0.65,agent_2-na
447,agent_1-greet-agent_2,0.9,agent_1-na,0.8,agent_1-na,0.7,agent_1-playwith-na
448,agent_1-greet-agent_2,0.9,agent_1-na,0.05,agent_1-na,0.05,agent_1-playwith-na
449,agent_1-greet-you,0.9,agent_1-open-box_8,0.6,agent_1-wait,0.5,agent_1-open-box_8
450,agent_1-open-box_4,0.95,agent_1-get-key_6,0.65,agent_1-greet,0.35,agent_1-playwith-chess_3-na
451,agent_1-playwith-chess_3-agent_2,0.85,agent_1-inform-agent_2-chess_3,0.65,agent_1-help-agent_2-playwith-chess_3,0.55,agent_1-na
452,agent_2-na,0.9,agent_2-observe-key_5,0.6,agent_2-help-agent_1-get-key_5,0.5,agent_2-na
453,agent_2-playwith-chess_6-agent_1,0.95,agent_2-inform-agent_1-chess_6,0.75,agent_2-requesthelp-agent_1-playwith-chess_6,0.65,agent_2-find-na
454,agent_2-playwith-agent_1-chess_6,0.85,agent_2-inform-agent_1-chess_6,0.65,agent_2-help-agent_1-open-box_4,0.45,agent_2-find-na
455,agent_2-open-box_4,0.9,agent_2-get-key_5,0.6,agent_2-playwith-chess_6,0.5,agent_2-find-na
456,agent_2-open-box_4,0.9,agent_2-playwith-chess_6-agent_1,0.7,agent_2-get-key_5,0.6,agent_2-na
457,na,0.95,observe-shelf_4,0.6,get-box_5-shelf_4,0.4,agent_1-na
458,agent_1-na,0.95,agent_1-observe-shelf_4,0.25,agent_1-requesthelp-agent_2-actionmoveto-shelf_4,0.15,agent_1-na
459,agent_1-requesthelp-agent_2-open-box_4,0.8,agent_1-requesthelp-agent_2-open-shelf_6,0.6,agent_1-inform-agent_2-box_4-is-locked,0.5,agent_1-get-books_3-box_4
460,get-key_5-position,0.85,open-box_4,0.65,help-agent_2-open-box_4,0.55,agent_1-help-me-get-books_3-box_4
461,agent_1-get-books_3-box_4,0.95,agent_1-open-box_4,0.75,agent_1-get-key_5-key_5,0.65,agent_1-help-me-get-books_3-box_4
462,agent_1-get-books_3-box_4,0.95,agent_1-open-box_4,0.75,agent_1-help-agent_2-get-books_3-box_4,0.6,agent_1-na
463,agent_1-na,0.95,agent_1-wait,0.05,agent_1-observe-box_4,0.0,agent_1-na
464,agent_1-na,0.95,agent_1-playwith-chess_6-agent_2,0.6,agent_1-requesthelp-agent_2-playwith-chess_6,0.5,agent_1-na
465,agent_1-putonto-chess_6-table_7,0.85,agent_1-playwith-chess_6-agent_2,0.75,agent_1-na,0.65,agent_1-na
466,agent_2-playwith-chess_7-agent_1,0.95,agent_2-get-chess_7-box_8,0.75,agent_2-inform-agent_1-chess_7,0.65,agent_2-na
467,agent_2-playwith-chess_7-agent_1,0.85,agent_2-give-chess_7-agent_1,0.65,agent_2-observe-agent_1,0.45,agent_2-na
468,agent_2-open-box_4,0.95,agent_2-get-key_7,0.75,agent_2-observe-box_4,0.65,agent_2-na
469,"agent_1-get-key_3-[445, 143]",0.8,agent_1-open-box_4,0.6,agent_1-na,0.4,agent_1-na
470,agent_1-greet-agent_2,0.95,agent_1-respondto-agent_2,0.75,agent_1-na,0.3,agent_1-na
471,agent_1-get-key_3,0.95,agent_1-open-box_4,0.75,agent_1-greet-agent_2,0.6,agent_1-harm-me-open-box_4
472,agent_1-get-key_3,0.8,agent_1-harm-agent_2,0.6,agent_1-open-box_4,0.5,agent_1-greet-me
473,agent_1-get-key_3,0.95,agent_1-open-box_4,0.75,agent_1-greet,0.4,agent_1-na
474,agent_1-open-box_6,0.8,agent_1-get-banana_5,0.6,agent_1-na,0.4,agent_1-find-na
475,agent_1-inform-agent_2-banana_5,0.85,agent_1-give-banana_5-agent_2,0.75,agent_1-observe-banana_5,0.6,agent_1-na
476,agent_1-get-banana_5-box_6,0.85,agent_1-putonto-banana_3-box_6,0.65,agent_1-greet-agent_2,0.55,agent_1-give-banana_3-me
477,Agent_1-Give-Banana_3-Agent_2,0.7,Agent_1-PutOnto-Banana_3-Box_6,0.6,Agent_1-Inform-Agent_2-Banana_3,0.5,agent_1-help-me-give-banana_3-agent_1
478,agent_1-get-banana_5-box_6,0.85,agent_1-give-banana_5-agent_2,0.65,agent_1-observe-banana_5,0.55,agent_1-help-me-give-banana_5-agent_1
479,agent_1-get-banana_5-box_6,0.85,agent_1-give-banana_3-agent_2,0.7,agent_1-putonto-banana_3-box_6,0.65,agent_1-help-me-give-banana_5-agent_1
480,agent_2-get-banana_5-box_6,0.9,agent_2-give-banana_5-agent_1,0.6,agent_2-putonto-banana_5-table_4,0.5,agent_2-get-banana_5-box_6
481,get-banana_5-box_6,0.9,greet-agent_1,0.6,inform-agent_1,0.5,agent_2-requesthelp-me-na
482,agent_2-inform-agent_1-banana_5,0.85,agent_2-give-banana_5-agent_1,0.65,agent_2-help-agent_1-get-banana_5,0.55,agent_2-inform-me-banana_5
483,agent_2-get-banana_5-box_6,0.85,agent_2-inform-agent_1-banana_5,0.65,agent_2-greet-agent_1,0.55,agent_2-inform-me-banana_5
484,na,0.9,observe,0.05,wait,0.05,agent_2-na
485,na,0.95,observe,0.25,greet,0.15,agent_2-na
486,agent_2-na,0.95,agent_2-observe,0.3,agent_2-greet,0.2,agent_2-na
487,agent_2-na,0.95,agent_2-observe,0.05,agent_2-respondto-agent_1,0.0,agent_2-na
488,agent_2-putonto-key_3-box_6,0.8,agent_2-help-agent_1-putonto-key_3-box_6,0.6,agent_2-na,0.4,agent_2-harm-me-na
489,agent_2-get-key_3,0.85,agent_2-harm-agent_1,0.65,agent_2-help-agent_1,0.5,agent_2-harm-me-na
490,agent_1-greet-agent_2,0.8,agent_1-respondto-agent_2,0.6,agent_1-inform-agent_2-books_6,0.5,agent_1-greet-me
491,agent_1-playwith-chess_3-agent_2,0.95,agent_1-greet-agent_2,0.75,agent_1-get-chess_3,0.6,agent_1-na
492,agent_1-playwith-chess_3-agent_2,0.9,agent_1-greet-agent_2,0.6,agent_1-requesthelp-agent_2,0.5,agent_1-na
493,playwith-chess_3-agent_1,0.85,get-key_5-from-shelf_6,0.6,na,0.3,agent_2-na
494,agent_2-playwith-chess_3-agent_1,0.85,agent_2-greet-agent_1,0.6,agent_2-inform-agent_1-chess_3,0.55,agent_2-na
495,agent_2-get-key_6,0.8,agent_2-get-box_5,0.6,agent_2-open-box_5,0.5,agent_2-open-box_5
496,agent_2-get-timer_3-box_5,0.95,agent_2-get-key_6-agent_1,0.75,agent_2-observe-timer_3,0.6,agent_2-na
497,open-box_4,0.85,greet-agent_1,0.65,get-box_4,0.55,agent_2-help-me-get-chess_3-box_4
498,playwith,0.85,get,0.65,inform,0.55,agent_2-na
499,get-cup_3-somewhere,0.85,greet-agent_1,0.65,inform-agent_1-timer_5,0.45,agent_2-na
500,agent_1-na,0.9,agent_1-observe-banana_3,0.6,agent_1-get-banana_3-shelf_4,0.5,agent_1-na
501,agent_1-na,0.95,agent_1-inform,0.25,agent_1-get,0.2,agent_1-na
502,na,0.95,requesthelp-agent_2-get-banana_3,0.3,observe-shelf_5,0.2,agent_1-open-shelf_5
503,agent_1-open-shelf_4,1.0,agent_1-get-banana_3,1.0,agent_1-help-agent_2-putonto-banana_3-shelf_5,0.8,agent_1-na
504,agent_2-open-box_5,0.95,agent_2-get-box_5,0.75,agent_2-na,0.3,agent_2-open-box_5
505,agent_2-greet-agent_1,0.95,agent_2-open-box_5,0.75,agent_2-get-box_5,0.65,agent_2-open-box_5
506,agent_2-open-box_4,0.95,agent_2-greet-agent_1,0.75,agent_2-get-dumbbell_3-from-box_5,0.65,agent_2-putinto-dumbbell_3-box_4
507,agent_2-open-box_4,0.85,agent_2-greet-agent_1,0.75,agent_2-get-dumbbell_3,0.65,agent_2-putinto-dumbbell_3-na
508,open-box_4,0.85,get-dumbbell_3,0.65,greet-agent_1,0.55,agent_2-na
509,agent_1-greet-agent_2,0.85,agent_1-requesthelp-agent_2-get-banana_7,0.75,agent_1-inform-agent_2-banana_7,0.65,agent_1-observe-me
510,requesthelp-agent_2-get-books_3-box_4,0.85,get-banana_7,0.65,inform-agent_2-box_4,0.55,agent_1-na
511,get-key_4-location,0.95,help-agent_1-get-key_4,0.65,observe-key_4,0.45,agent_2-help-me-na
512,agent_2-get-key_4,0.9,agent_2-na,0.6,agent_2-observe-key_4,0.5,agent_2-help-me-open-box_3
513,agent_2-open-box_3,0.8,agent_2-help-agent_1-open-box_3,0.6,agent_2-inform-agent_1-box_3,0.5,agent_2-help-me-na
514,agent_2-requesthelp-agent_1-get-key_4,0.85,agent_2-greet-agent_1,0.75,agent_2-requesthelp-agent_1-open-box_3,0.65,agent_2-help-me-na
515,agent_2-get-key_4,0.85,agent_2-greet-agent_1,0.65,agent_2-help-agent_1-open-box_3,0.55,agent_2-na
516,agent_2-get-key_3-box_5,0.8,agent_2-observe-key_3,0.6,agent_2-na,0.4,agent_2-find-key_3
517,agent_2-na,0.9,agent_2-observe-key_3,0.6,agent_2-get-key_3-box_5,0.5,agent_2-find-key_3
518,na,0.95,na,0.75,na,0.6,agent_1-get-books_3
519,agent_1-playwith-chess_6-agent_2,0.8,agent_1-get-chess_6-box_7,0.6,agent_1-na,0.5,agent_1-get-books_3
520,agent_1-open-box_4,0.8,agent_1-get-books_3-box_4,0.6,agent_1-help-agent_2-playwith-chess_6,0.5,agent_1-get-books_3-na
521,agent_1-open-box_4,0.85,agent_1-get-books_3-box_4,0.75,agent_1-playwith-chess_6-agent_2,0.6,agent_1-na
522,agent_1-get-books_3-box_4,0.9,agent_1-open-box_4,0.7,agent_1-unlock-box_4,0.6,agent_1-na
523,observe,0.8,na,0.6,wait,0.4,agent_2-na
524,agent_2-get-cup_4,0.85,agent_2-observe-cup_4,0.65,agent_2-na,0.45,agent_2-na
525,agent_1-observe-box_5,0.8,agent_1-help-agent_2-open-box_5,0.7,agent_1-get-something-from-box_5,0.6,agent_1-requesthelp-me-na
526,agent_1-open-box_5,0.85,agent_1-get-box_5,0.65,agent_1-inform-agent_2-box_5,0.55,agent_1-requesthelp-me-na
527,agent_2-putonto-box_5-agent_1,0.8,agent_2-open-box_5,0.6,agent_2-get-box_5-agent_1,0.4,agent_1-requesthelp-me
528,agent_1-open-box_5,0.85,agent_1-observe-box_5,0.65,agent_1-greet,0.45,agent_1-requesthelp-me-open-box_5
529,agent_1-open-box_4,0.75,agent_1-inform-agent_2-box_4-is-closed,0.65,agent_1-help-agent_2-open-box_4,0.6,agent_1-requesthelp-me-open-box_4
530,agent_1-open-box_5,0.85,agent_1-open-box_4,0.75,agent_1-greet-agent_2,0.65,agent_1-na
531,agent_1-putinto-[5]-cup_5,0.85,agent_1-get-[5]-box_6,0.7,agent_1-playwith-chess_3-agent_2,0.6,agent_1-putinto-cup_5
532,agent_1-playwith-chess_3-agent_2,0.85,agent_1-get-chess_3-agent_2,0.65,agent_1-help-agent_2-playwith-chess_3,0.45,agent_1-putinto-cup_5
533,Agent_1-PutInto-Unknown-Cup_5,0.7,Agent_1-PlayWith-Chess_3-Agent_2,0.6,Agent_1-Open-Box_6,0.5,agent_1-na
534,agent_2-greet-agent_1,0.85,agent_2-requesthelp-agent_1-get-banana_6,0.6,agent_2-inform-agent_1-chess_4,0.4,agent_2-na
535,agent_1-playwith-chess_3-agent_2,0.95,agent_1-requesthelp-agent_2-playwith-chess_3,0.7,agent_1-inform-agent_2-chess_3,0.5,agent_1-na
536,agent_1-playwith-chess_3-agent_2,0.85,agent_1-requesthelp-agent_2-playwith-chess_3,0.65,agent_1-wait,0.5,agent_1-na
537,agent_2-open-box_5,0.95,agent_2-get-box_5,0.75,agent_2-observe-box_5,0.65,agent_2-na
538,agent_2-playwith-chess_5-agent_1,0.95,agent_2-get-chess_5-box_6,0.75,agent_2-inform-agent_1-chess_5,0.6,agent_2-na
539,agent_2-open-box_4,0.95,agent_2-get-key_3-from-box_4,0.75,agent_2-observe-box_4,0.65,agent_2-na
540,agent_2-playwith-chess_3-agent_1,0.95,agent_2-get-chess_3-box_4,0.75,agent_2-open-box_4,0.65,agent_2-na
541,agent_2-playwith-chess_3-agent_1,0.95,agent_2-observe-chess_3,0.75,agent_2-help-agent_1-playwith-chess_3,0.6,agent_2-na
542,Agent_1-Open-Shelf_4,0.9,Agent_1-Get-[unknown]-Shelf_4,0.5,Agent_1-Observe-Shelf_4,0.5,agent_1-na
543,agent_1-open-shelf_6,0.95,agent_1-get-box_4,0.6,agent_1-playwith-chess_8,0.4,agent_1-find-na
544,agent_1-open-box_4,0.8,agent_1-get-box_4,0.6,agent_1-playwith-chess_8,0.4,agent_1-find-na
545,agent_1-get-books_3-box_4,0.9,agent_1-open-box_4,0.7,agent_1-open-shelf_6,0.6,agent_1-na
546,agent_1-get-key_3-location_1,0.85,agent_1-open-box_4,0.75,agent_1-greet,0.65,agent_1-harm-me-na
547,agent_1-open-box_4,0.8,agent_1-get-key_3,0.6,agent_1-help-agent_2-open-box_4,0.4,agent_1-help-me-open-box_4
548,agent_1-open-box_4-box_4,0.8,agent_1-give-key_3-agent_2,0.6,agent_1-help-agent_2-open-box_4,0.5,agent_1-harm-me-open-box_4
549,open-box_4,0.85,greet,0.65,help-agent_2-open-box_4,0.55,agent_1-harm-me
550,give-key_3-agent_2,0.8,greet-agent_2,0.6,open-box_4,0.5,agent_1-harm-me
551,agent_1-open-box_4,0.85,agent_1-give-key_3-agent_2,0.7,agent_1-inform-agent_2-box_4-unlocked,0.65,agent_1-na
552,agent_2-get-banana_6-somewhere,0.9,agent_2-observe-banana_6,0.6,agent_2-help-agent_1-get-banana_6,0.4,agent_2-na
553,agent_2-harm-agent_1-grab-dumbbell_3,0.85,agent_2-respondto-agent_1-thank you!,0.65,agent_2-inform-agent_1-shelf_4-is-closed,0.45,agent_2-harm-me
554,agent_2-harm-agent_1-get-dumbbell_3,0.75,agent_2-respondto-agent_1-thank you!-negative,0.65,agent_2-inform-agent_1-shelf_4-is-closed,0.55,agent_2-na
555,agent_2-observe-shelf_4,0.7,agent_2-help-agent_1,0.6,agent_2-give-cup_5,0.5,agent_2-na
556,playwith,0.85,inform,0.65,get,0.5,agent_2-help-me-na
557,agent_2-playwith-chess_3-agent_1,0.8,agent_2-get-chess_4-agent_1,0.6,agent_2-help-agent_1-playwith-chess_4,0.5,agent_2-help-me
558,agent_2-playwith-chess_4-agent_1,0.95,agent_2-help-agent_1-playwith-chess_4,0.75,agent_2-inform-agent_1-chess_4,0.6,agent_2-help-me-playwith-chess_4-agent_2
559,agent_2-playwith-chess_4-agent_1,0.95,agent_2-observe-chess_4,0.25,agent_2-get-chess_4,0.2,agent_2-help-me-playwith-chess_4-agent_2
560,agent_2-playwith-chess_4-agent_1,0.9,agent_2-get-chess_4-agent_1,0.6,agent_2-observe-chess_4,0.5,agent_2-help-me-playwith-chess_4-agent_2
561,agent_2-playwith-chess_4-agent_1,0.95,agent_2-requesthelp-agent_1-playwith-chess_4,0.75,agent_2-inform-agent_1-playing-chess_4,0.6,agent_2-playwith-chess_3-me
562,agent_2-playwith-chess_4-agent_1,0.95,agent_2-playwith-chess_3-agent_1,0.75,agent_2-requesthelp-agent_1-playwith-chess_4,0.65,agent_2-na
563,agent_2-playwith-chess_4-agent_1,0.85,agent_2-playwith-chess_3-agent_1,0.65,agent_2-observe-chess_3,0.5,agent_2-na
564,agent_1-find-shelf_4,0.5,agent_1-observe-shelf_4,0.3,agent_1-open-shelf_4,0.2,agent_1-na
565,agent_1-open-shelf_4,0.85,agent_1-get-dumbbell_3,0.65,agent_1-get-books_5,0.55,agent_1-na
566,agent_1-open-shelf_4,0.8,agent_1-get-dumbbell_3,0.6,agent_1-observe-shelf_4,0.5,agent_1-na
567,agent_1-get-dumbbell_3,0.6,agent_1-requesthelp-agent_2-get-dumbbell_3,0.5,agent_1-open-shelf_4,0.4,agent_1-na
568,agent_1-na,0.95,agent_1-observe,0.75,agent_1-get-books_3-agent_2,0.6,agent_1-na
569,agent_1-playwith-chess_5-agent_2,0.95,agent_1-get-chess_5-box_7,0.75,agent_1-help-agent_2-playwith-chess_5,0.65,agent_1-playwith-chess_5-me
570,agent_1-playwith-chess_5-agent_2,0.9,agent_1-get-chess_5-box_7,0.7,agent_1-help-agent_2-playwith-chess_5,0.6,agent_1-playwith-chess_5-me
571,agent_1-putonto-chess_5-table_6,0.95,agent_1-playwith-chess_5-agent_2,0.75,agent_1-open-box_7,0.65,agent_1-na
572,na,0.9,wait,0.7,observe,0.5,agent_2-na
573,na,0.95,observe,0.3,wait,0.2,agent_2-na
574,na,0.95,inform,0.25,observe,0.15,agent_2-na
575,agent_2-observe-dumbbell_5,0.8,agent_2-na,0.6,agent_2-wait,0.5,agent_2-na
576,agent_2-get-key_3-box_4,0.95,agent_2-open-box_4,0.85,agent_2-na,0.65,agent_2-na
577,agent_1-playwith-chess_3-agent_2,0.9,agent_1-get-chess_3-box_4,0.6,agent_1-inform-agent_2-chess_3,0.5,agent_1-na
578,na,0.9,observe,0.6,help,0.4,agent_1-na
579,agent_2-help-agent_1-get-cup_5,0.8,agent_2-inform-agent_1-cup_5,0.6,agent_2-na,0.4,agent_2-help-na
580,na,0.95,observe,0.05,help,0.0,agent_2-na
581,putonto-chess_3-table_6,0.85,playwith-chess_3-agent_2,0.65,inform-agent_2-chess_3,0.45,agent_1-putonto-chess_3-table_6
582,agent_1-putonto-chess_3-table_6,0.8,agent_1-give-chess_3-agent_2,0.6,agent_1-playwith-chess_3-agent_2,0.5,agent_1-na
583,agent_1-playwith-chess_3-agent_2,0.85,agent_1-inform-agent_2-chess_3,0.65,agent_1-get-chess_3-box_4,0.55,agent_1-na
584,get-key_3-box_5,0.85,open-box_5,0.65,help-agent_2-get-key_3-box_5,0.45,agent_1-na
585,agent_1-get-key_3,0.6,agent_1-open-box_4,0.4,agent_1-na,0.2,agent_1-na
586,get-key_3-box_5,0.95,open-box_5,0.75,open-box_4,0.6,agent_1-na
587,agent_1-open-box_5,0.7,agent_1-get-dumbbell_11,0.6,agent_1-get-banana_8,0.5,agent_1-na
588,agent_1-open-box_5,0.9,agent_1-requesthelp-agent_2-get-box_5,0.7,agent_1-get-box_5,0.6,agent_1-get-cup_3-box_5
589,agent_1-get-cup_3-box_5,0.95,agent_1-observe-cup_3,0.75,agent_1-requesthelp-agent_2-open-box_5,0.6,agent_1-get-cup_3-na
590,get,0.7,observe,0.5,get,0.4,agent_1-putonto-cup_3-table_6
591,agent_1-get-banana_8-table_6,0.8,agent_1-playwith-chess_10-agent_2,0.6,agent_1-observe-table_6,0.5,agent_1-na
592,agent_1-playwith-chess_4-agent_2,0.95,agent_1-help-agent_2-playwith-chess_4,0.75,agent_1-inform-agent_2-chess_4,0.6,agent_1-playwith-chess_4-me
593,agent_1-playwith-chess_4-agent_2,0.95,agent_1-inform-agent_2-chess_4,0.75,agent_1-help-agent_2-playwith-chess_4,0.65,agent_1-na
594,agent_1-playwith-chess_4-agent_2,0.85,agent_1-inform-agent_2-chess_4,0.65,agent_1-harm-agent_2-playwith-chess_4,0.45,agent_1-na
595,agent_1-playwith-agent_2,0.85,agent_1-help-agent_2-playchess_4,0.75,agent_1-observe-chess_4,0.6,agent_1-na
596,agent_1-playwith-chess_3-agent_2,0.95,agent_1-greet-agent_2,0.75,agent_1-inform-agent_2-hello,0.6,agent_1-playwith-chess_3-me
597,agent_1-playwith-chess_3-agent_2,0.95,agent_1-greet,0.7,agent_1-inform-agent_2-chess_3,0.65,agent_1-na
598,agent_1-open-box_4,0.9,agent_1-na,0.6,agent_1-get-key_3,0.5,agent_1-na
599,agent_1-get-key_3-table_5,0.95,agent_1-open-box_4,0.75,agent_1-give-key_3-agent_2,0.6,agent_1-na
600,agent_2-na,0.95,agent_2-observe,0.05,agent_2-wait,0.05,agent_2-na
601,agent_2-na,0.8,agent_2-get-key_4,0.6,agent_2-observe-box_3,0.4,agent_2-na
602,agent_2-get-key_4,0.6,agent_2-open-box_3,0.5,agent_2-na,0.4,agent_2-na
603,agent_1-get-dumbbell_6-agent_2,0.85,agent_1-greet-agent_2,0.75,agent_1-respondto-agent_2,0.7,agent_1-na
604,agent_2-putonto-dumbbell_5-table_6,0.9,agent_2-greet-agent_1,0.6,agent_2-respondto-agent_1,0.5,agent_2-putonto-dumbbell_5-table_6
605,agent_2-putonto-dumbbell_5-table_6,0.9,agent_2-help-agent_1-putonto-dumbbell_5-table_6,0.7,agent_2-greet-agent_1,0.5,agent_2-na
606,agent_1-get-banana_3-agent_2,0.95,agent_1-observe-banana_3,0.75,agent_1-na,0.3,agent_1-give-banana_5-me
607,agent_1-give-banana_5-agent_2,0.85,agent_1-help-agent_2-get-banana_5,0.65,agent_1-get-banana_5,0.55,agent_1-na
608,na,1.0,na,0.5,na,0.3,agent_2-observe-me
609,agent_2-na,0.95,agent_2-wait,0.6,agent_2-observe,0.3,agent_2-na
610,na,1.0,find-key_4,0.5,observe-key_4,0.3,agent_2-na
611,na,0.95,wait,0.05,inform,0.0,agent_2-na
612,na,1.0,na,0.5,na,0.3,agent_2-na
613,na,0.95,observe-box_3,0.6,get-key_4-agent_1,0.4,agent_2-na
614,agent_1-get-key_5-agent_2,0.9,agent_1-open-box_4,0.7,agent_1-requesthelp-agent_2-open-box_4,0.6,agent_1-open-box_4
615,agent_1-get-key_5,0.85,agent_1-open-box_4,0.75,agent_1-requesthelp-agent_2-get-key_5,0.7,agent_1-open-box_4
616,agent_1-get-key_5-agent_2,0.85,agent_1-open-box_4,0.7,agent_1-requesthelp-agent_2-get-key_5,0.65,agent_1-open-box_4
617,agent_1-get-key_5-<somewhere>,0.9,agent_1-requesthelp-agent_2-open-box_4,0.7,agent_1-open-box_4,0.6,agent_1-na
618,agent_1-get-books_3-shelf_4,0.95,agent_1-observe-books_3,0.75,agent_1-na,0.5,agent_1-putinto-books_3-na
619,agent_1-open-shelf_4,0.95,agent_1-get-books_3-shelf_4,0.75,agent_1-na,0.3,agent_1-na
620,agent_2-get-chess_3-agent_1,0.85,agent_2-playwith-chess_3-agent_1,0.65,agent_2-inform-agent_1-chess_3,0.45,agent_2-observe-world
621,agent_2-playwith-chess_3-agent_1,0.85,agent_2-get-chess_3-agent_1,0.65,agent_2-inform-agent_1-chess_3,0.55,agent_2-observe-world
622,Agent_2-PlayWith-Chess_3-Agent_1,0.7,Agent_2-Observe-Chess_3,0.6,Agent_2-Help-Agent_1-PlayWith-Chess_3,0.5,agent_2-observe-world
623,get,0.85,playwith,0.65,help,0.45,agent_2-na
624,playwith,0.85,get,0.65,inform,0.5,agent_2-na
625,agent_2-greet-agent_1,0.75,agent_2-requesthelp-agent_1-open-box_5,0.65,agent_2-inform-agent_1-key_3-in-box_5,0.55,agent_2-na
626,inform-agent_1-key_3-is-in-box_5,0.6,get-key_3-from-box_5,0.5,respondto-agent_1-with-negative,0.4,agent_2-help-me-na
627,open-shelf_4,0.95,get-key_3,0.65,observe-shelf_4,0.55,agent_2-na
628,greet-agent_1,0.8,requesthelp-agent_1-open-box_6,0.6,help-agent_1-open-box_6,0.5,agent_2-na
629,agent_2-greet-agent_1,0.85,agent_2-inform-agent_1-box_6,0.65,agent_2-requesthelp-agent_1-open-box_6,0.55,agent_2-help-me-na
630,get-key_7-agent_1,0.8,open-box_6,0.6,requesthelp-agent_1-get-key_7,0.5,agent_2-observe-me
631,open-box_6,0.85,playwith-chess_5-agent_1,0.65,greet-agent_1,0.55,agent_2-help-me-na
632,agent_2-playwith-chess_5-agent_1,0.95,agent_2-get-chess_5-box_6,0.75,agent_2-greet-agent_1,0.65,agent_2-help-me-na
633,agent_2-playwith-chess_5-agent_1,0.85,agent_2-get-chess_5-box_6,0.65,agent_2-open-box_6,0.6,agent_2-na
634,agent_2-playwith-chess_5-agent_1,0.85,agent_2-open-box_6,0.65,agent_2-get-chess_5-box_6,0.55,agent_2-na
635,agent_1-putonto-key_3-table_4,0.95,agent_1-get-key_3,0.75,agent_1-observe-table_4,0.6,agent_1-putonto-key_3-table_4
636,Agent_1-PutOnto-Key_3-Table_4,0.9,Agent_1-Get-Key_3,0.5,Agent_1-RespondTo-Agent_2,0.3,agent_1-na
637,na,0.95,observe,0.6,wait,0.4,agent_2-na
638,agent_2-na,0.9,agent_2-observe,0.6,agent_2-other,0.5,agent_2-na
639,agent_2-greet-agent_1,0.95,agent_2-observe-box_6,0.65,agent_2-observe-books_7,0.6,agent_2-na
640,greet,0.9,na,0.7,open,0.5,agent_2-na
641,greet,0.9,na,0.6,observe,0.5,agent_2-na
642,agent_2-greet,0.95,agent_2-observe-box_6,0.75,agent_2-get-books_7,0.6,agent_2-na
643,agent_2-get-chess_5-box_6,0.85,agent_2-playwith-chess_5-agent_1,0.75,agent_2-observe-chess_5,0.6,agent_2-na
644,playwith-chess_5-agent_1,0.95,get-chess_5-box_6,0.75,greet-agent_1,0.6,agent_2-na
645,agent_2-playwith-chess_5-agent_1,0.9,agent_2-get-chess_5-box_6,0.6,agent_2-greet-agent_1,0.5,agent_2-na
646,agent_1-get-dumbbell_6-box_4,0.95,agent_1-open-box_4,0.85,agent_1-unlock-box_4,0.8,agent_1-putonto-dumbbell_6-table_7
647,agent_1-get-dumbbell_6-box_4,0.9,agent_1-open-box_4,0.6,agent_1-unlock-box_4,0.5,agent_1-putonto-dumbbell_6-table_7
648,agent_2-get-chess_3-table_4,0.85,agent_2-inform-agent_1-chess_5,0.65,agent_2-playwith-chess_5-agent_1,0.55,agent_2-na
649,requesthelp-agent_1-unlock-box_4,0.7,get-box_4,0.6,open-box_4,0.5,agent_2-respondto-me
650,na,0.95,observe,0.75,requesthelp,0.6,agent_2-na
651,agent_2-requesthelp-agent_1-get-box_4,0.85,agent_2-inform-agent_1-box_4-is-locked,0.65,agent_2-na,0.45,agent_2-na
652,agent_2-na,0.95,agent_2-observe-agent_1,0.6,agent_2-requesthelp-agent_1-open-box_4,0.4,agent_2-na
653,agent_2-na,0.95,agent_2-wait,0.75,agent_2-observe-box_4,0.6,agent_2-na
654,agent_2-respondto-agent_1,0.95,agent_2-greet-agent_1,0.85,agent_2-inform-agent_1,0.75,agent_2-get-dumbbell_6-box_4
655,agent_2-greet-agent_1,0.85,agent_2-respondto-agent_1,0.75,agent_2-help-agent_1,0.65,agent_2-na
656,greet-agent_2,0.9,observe-key_3,0.6,na,0.5,agent_1-na
657,agent_2-open-shelf_4,0.85,agent_2-get-something-shelf_4,0.65,agent_2-observe-shelf_4,0.55,agent_2-na
658,agent_2-observe-shelf_4,0.7,agent_2-find-table_5,0.6,agent_2-na,0.5,agent_2-find-na
659,agent_2-get-chess_3,0.85,agent_2-observe-chess_3,0.65,agent_2-get-shelf_4,0.5,agent_2-find-na
660,playwith-chess_3-agent_1,0.95,inform-agent_1-chess_3,0.75,requesthelp-agent_1-playwith-chess_3,0.65,agent_2-na
661,agent_2-playwith-chess_3-agent_1,0.95,agent_2-inform-agent_1-chess_3,0.75,agent_2-get-chess_3-agent_1,0.6,agent_2-na
662,agent_2-get-key_3-somewhere,0.5,agent_2-observe-shelf_4,0.4,agent_2-help-agent_1-get-key_3,0.3,agent_2-na
663,agent_1-playwith-chess_3-agent_2,0.95,agent_1-inform-agent_2-readytoplay,0.75,agent_1-observe-chess_3,0.6,agent_1-harm-me
664,playwith,0.85,inform,0.65,give,0.55,agent_2-find-na
665,agent_2-playwith-chess_5-agent_1,0.9,agent_2-get-key_3-box_4,0.7,agent_2-observe-chess_5,0.6,agent_2-na
666,agent_2-putonto-object_1-table_4,0.4,agent_2-get-object_1-table_4,0.3,agent_2-na,0.3,agent_2-na
667,agent_2-get-books_3,0.5,agent_2-get-table_4,0.3,agent_2-na,0.2,agent_2-na
668,agent_2-get-books_3-table_4,0.7,agent_2-inform-agent_1-books_3,0.5,agent_2-na,0.4,agent_2-na
669,agent_2-requesthelp-agent_1-get-books_3,0.65,agent_2-observe-books_3,0.25,agent_2-na,0.1,agent_2-na
670,agent_1-get-key_6-box_4,1.0,agent_1-open-box_4,1.0,agent_1-get-key_6,0.9,agent_1-find-key_6
671,agent_1-get-key_6-box_4,0.95,agent_1-open-box_4,0.75,agent_1-get-key_6-box_4,0.6,agent_1-find-key_6
672,agent_1-get-key_6-box_4,1.0,agent_1-open-box_4,0.8,agent_1-na,0.2,agent_1-putinto-timer_7-box_4
673,agent_1-open-box_4,0.95,agent_1-get-key_3-box_5,0.75,agent_1-playwith-chess_6-agent_2,0.65,agent_1-na
674,agent_1-playwith-chess_6-agent_2,0.85,agent_1-open-box_4,0.65,agent_1-inform-agent_2-playchess_6,0.55,agent_1-na
675,agent_1-playwith-chess_6-agent_2,0.85,agent_1-get-key_3-box_5,0.65,agent_1-open-box_4,0.55,agent_1-na
676,agent_2-na,0.85,agent_2-get-cup_3,0.6,agent_2-inform-agent_1-cup_3,0.4,agent_2-na
677,get-cup_3-table_5,0.85,open-shelf_4,0.65,inform-agent_1-shelf_4,0.55,agent_2-na
678,open-shelf_4,0.85,greet-agent_1,0.65,get-cup_3-from-agent_1,0.55,agent_2-na
679,agent_2-get-key_6-box_4,0.85,agent_2-observe-box_4,0.65,agent_2-greet-agent_1,0.45,agent_2-na
680,greet-agent_1,0.95,inform-agent_1-box_5,0.6,requesthelp-agent_1-get-key_6,0.4,agent_2-na
681,agent_2-greet-agent_1,0.9,agent_2-get-key_6-box_4,0.6,agent_2-open-box_5,0.5,agent_2-na
682,agent_2-get-books_6-books_6,0.85,agent_2-putonto-books_6-table_4,0.75,agent_2-give-books_6-agent_1,0.7,agent_2-na
683,agent_2-putinto-books_6-box_7,0.95,agent_2-open-box_7,0.8,agent_2-give-books_6-agent_1,0.6,agent_2-help-me-putinto-books_6-box_7
684,agent_2-putinto-books_6-box_7,0.95,agent_2-respondto-agent_1,0.6,agent_2-observe-box_7,0.5,agent_2-help-me-na
685,agent_2-putinto-books_6-box_7,0.95,agent_2-open-box_7,0.75,agent_2-grab-books_6,0.65,agent_2-na
686,agent_2-putinto-books_6-box_7,0.95,agent_2-help-agent_1-putinto-books_6-box_7,0.75,agent_2-get-books_3-box_5,0.65,agent_2-na
687,agent_1-playwith-chess_3-agent_2,0.95,agent_1-play-chess_3,0.75,agent_1-na,0.3,agent_1-playwith-chess_3-me
688,playwith-chess_3-agent_2,0.95,inform-agent_2-chess_3,0.75,help-agent_2-playwith-chess_3,0.65,agent_1-find-cup_4
689,agent_1-playwith-chess_3-agent_2,0.95,agent_1-inform-agent_2-playchess_3,0.75,agent_1-help-agent_2-playchess_3,0.65,agent_1-find-cup_4
690,agent_1-playwith-chess_3-agent_2,0.85,agent_1-give-cup_4-agent_2,0.65,agent_1-requesthelp-agent_2-playwith-chess_3,0.55,agent_1-harm-me-find-cup_4
691,agent_1-playwith-chess_3-agent_2,0.9,agent_1-give-cup_4-agent_2,0.7,agent_1-greet-agent_2,0.6,agent_1-harm-me-na
692,agent_1-playwith-chess_3-agent_2,1.0,agent_1-greet-agent_2,1.0,agent_1-get-cup_4,0.85,agent_1-harm-me-na
693,agent_1-open-box_7,0.85,agent_1-get-box_7,0.7,agent_1-playwith-chess_8,0.55,agent_1-na
694,agent_1-open-box_7,0.85,agent_1-get-box_7,0.6,agent_1-harm-agent_2,0.4,agent_1-na
695,agent_1-respondto-agent_2,0.9,agent_1-na,0.6,agent_1-greet-agent_2,0.3,agent_1-na
696,na,1.0,observe-box_4,0.6,get-cup_3-box_4,0.4,agent_2-na
697,agent_2-na,0.95,agent_2-observe-cup_3,0.3,agent_2-requesthelp-agent_1-get-cup_3,0.2,agent_2-na
698,agent_2-na,1.0,agent_2-observe,0.5,agent_2-requesthelp,0.3,agent_2-putinto-books_6-box_7
699,agent_2-na,1.0,agent_2-observe-cup_3,0.7,agent_2-get-cup_3,0.5,agent_2-na
700,agent_2-playwith-chess_3-agent_1,0.85,agent_2-greet-agent_1,0.75,agent_2-get-chess_3,0.65,agent_2-observe-me
701,agent_2-playwith-agent_1-chess_3,0.7,agent_2-greet-agent_1,0.5,agent_2-help-agent_1-playwith-chess_3,0.4,agent_2-observe-world
702,playwith,0.6,inform,0.4,requesthelp,0.3,agent_2-observe-world
703,agent_2-playwith-chess_3-agent_1,0.9,agent_2-inform-agent_1-playwith-chess_3,0.7,agent_2-help-agent_1-playwith-chess_3,0.6,agent_2-observe-world
704,agent_2-get-chess_3,0.65,agent_2-observe-chess_3,0.55,agent_2-playwith-agent_1,0.4,agent_2-observe-world
705,agent_2-playwith-chess_3-agent_1,0.85,agent_2-requesthelp-agent_1-playwith-chess_3,0.65,agent_2-help-agent_1-playwith-chess_3,0.55,agent_2-playwith-chess_3-me
706,agent_2-playwith-chess_3-agent_1,0.9,agent_2-help-agent_1-playwith-chess_3,0.7,agent_2-observe-chess_3,0.5,agent_2-harm-me-playwith-chess_3-agent_2
707,agent_2-playwith-chess_3-agent_1,0.95,agent_2-help-agent_1-playwith-chess_3,0.75,agent_2-inform-agent_1-chess_3-requires-two-players,0.65,agent_2-harm-me-playwith-chess_3-agent_2
708,get-books_3-somewhere,0.85,observe-books_3,0.65,na,0.45,agent_2-requesthelp-me-open-box_4
709,na,0.8,help,0.6,requesthelp,0.5,agent_1-na
710,agent_1-get-chess_3-box_4,0.85,agent_1-playwith-chess_3-agent_2,0.75,agent_1-inform-agent_2-chess_3,0.65,agent_1-na
711,agent_1-playwith-chess_5-agent_2,0.85,agent_1-get-books_3-box_4,0.65,agent_1-open-box_4,0.6,agent_1-playwith-chess_5-me
712,playwith,0.85,inform,0.6,get,0.5,agent_1-playwith-chess_3-me
713,agent_1-putonto-chess_3-table_1,1.0,agent_1-playwith-chess_3-agent_2,1.0,agent_1-inform-agent_2-chess_3,0.75,agent_1-na
